#Organism Name,Organism Groups,BioSample,BioProject,Assembly,Level,Size(Mb),GC%,Replicons,Host,CDS,Neighbors,Release Date,GenBank FTP,RefSeq FTP,Replicons
"Human adenovirus 11","Viruses;Other;Adenoviridae","","","GCA_000857085.1","Complete",0.034794,48.9," Unknown:NC_011202.1/AY163756.1","human,vertebrates",38,256,"2002-11-06T00:00:00Z","ftp://ftp.ncbi.nlm.nih.gov/genomes/all/GCA/000/857/085/GCA_000857085.1_ViralProj15150","ftp://ftp.ncbi.nlm.nih.gov/genomes/all/GCF/000/857/085/GCF_000857085.1_ViralProj15150"," Unknown:NC_011202.1/AY163756.1"
"Human adenovirus B3","Viruses;Other;Adenoviridae","","","GCA_000880515.1","Complete",0.035343,51.1," Unknown:NC_011203.1/DQ086466.1","human,vertebrates",39,256,"2005-11-23T00:00:00Z","ftp://ftp.ncbi.nlm.nih.gov/genomes/all/GCA/000/880/515/GCA_000880515.1_ViralProj31177","ftp://ftp.ncbi.nlm.nih.gov/genomes/all/GCF/000/880/515/GCF_000880515.1_ViralProj31177"," Unknown:NC_011203.1/DQ086466.1"
"Simian adenovirus 21","Viruses;Other;Adenoviridae","","","GCA_000847245.1","Complete",0.035524,51.2," Unknown:AC_000010.1/","human,vertebrates",38,256,"2003-08-16T00:00:00Z","ftp://ftp.ncbi.nlm.nih.gov/genomes/all/GCA/000/847/245/GCA_000847245.1_ViralProj14607","ftp://ftp.ncbi.nlm.nih.gov/genomes/all/GCF/000/847/245/GCF_000847245.1_ViralProj14607"," Unknown:AC_000010.1/"
"Human adenovirus 35","Viruses;Other;Adenoviridae","","","GCA_000857885.1","Complete",0.034794,48.9," Unknown:AC_000019.1/","human,vertebrates",37,256,"2004-09-28T00:00:00Z","ftp://ftp.ncbi.nlm.nih.gov/genomes/all/GCA/000/857/885/GCA_000857885.1_ViralProj15115","ftp://ftp.ncbi.nlm.nih.gov/genomes/all/GCF/000/857/885/GCF_000857885.1_ViralProj15115"," Unknown:AC_000019.1/"
"Human adenovirus 7","Viruses;Other;Adenoviridae","","","GCA_000859485.1","Complete",0.035514,51.3," Unknown:AC_000018.1/","human,vertebrates",37,256,"2004-09-28T00:00:00Z","ftp://ftp.ncbi.nlm.nih.gov/genomes/all/GCA/000/859/485/GCA_000859485.1_ViralProj15114","ftp://ftp.ncbi.nlm.nih.gov/genomes/all/GCF/000/859/485/GCF_000859485.1_ViralProj15114"," Unknown:AC_000018.1/"
"Human adenovirus 14","Viruses;Other;Adenoviridae","","","GCA_006400935.1","Complete",0.034766,48.8,"MF062484.1","human,vertebrates",38,,"2019-06-01T00:00:00Z","ftp://ftp.ncbi.nlm.nih.gov/genomes/all/GCA/006/400/935/GCA_006400935.1_ASM640093v1",,"MF062484.1"
"Human adenovirus 55","Viruses;Other;Adenoviridae","","","GCA_006401535.1","Complete",0.034667,48.8,"MK123981.1","human,vertebrates",37,,"2019-04-02T00:00:00Z","ftp://ftp.ncbi.nlm.nih.gov/genomes/all/GCA/006/401/535/GCA_006401535.1_ASM640153v1",,"MK123981.1"
"Human adenovirus 55","Viruses;Other;Adenoviridae","","","GCA_006401615.1","Complete",0.034667,48.8,"MK123980.1","human,vertebrates",37,,"2019-04-02T00:00:00Z","ftp://ftp.ncbi.nlm.nih.gov/genomes/all/GCA/006/401/615/GCA_006401615.1_ASM640161v1",,"MK123980.1"
"Human adenovirus 55","Viruses;Other;Adenoviridae","","","GCA_006401645.1","Complete",0.034756,48.8,"MK123979.1","human,vertebrates",37,,"2019-04-02T00:00:00Z","ftp://ftp.ncbi.nlm.nih.gov/genomes/all/GCA/006/401/645/GCA_006401645.1_ASM640164v1",,"MK123979.1"
"Human adenovirus 55","Viruses;Other;Adenoviridae","","","GCA_006401715.1","Complete",0.034664,48.8,"MK123978.1","human,vertebrates",37,,"2019-04-02T00:00:00Z","ftp://ftp.ncbi.nlm.nih.gov/genomes/all/GCA/006/401/715/GCA_006401715.1_ASM640171v1",,"MK123978.1"
"Human adenovirus 7","Viruses;Other;Adenoviridae","","","GCA_006401755.1","Complete",0.035241,51.2,"MH910669.1","human,vertebrates",37,,"2019-03-02T00:00:00Z","ftp://ftp.ncbi.nlm.nih.gov/genomes/all/GCA/006/401/755/GCA_006401755.1_ASM640175v1",,"MH910669.1"
"Human adenovirus 7","Viruses;Other;Adenoviridae","","","GCA_006401775.1","Complete",0.035226,51.1,"MH697607.1","human,vertebrates",39,,"2019-02-27T00:00:00Z","ftp://ftp.ncbi.nlm.nih.gov/genomes/all/GCA/006/401/775/GCA_006401775.1_ASM640177v1",,"MH697607.1"
"Human adenovirus 7","Viruses;Other;Adenoviridae","","","GCA_006401815.1","Complete",0.035227,51.1,"MH697606.1","human,vertebrates",39,,"2019-02-27T00:00:00Z","ftp://ftp.ncbi.nlm.nih.gov/genomes/all/GCA/006/401/815/GCA_006401815.1_ASM640181v1",,"MH697606.1"
"Human adenovirus 7","Viruses;Other;Adenoviridae","","","GCA_006401835.1","Complete",0.035226,51.1,"MH697605.1","human,vertebrates",39,,"2019-02-27T00:00:00Z","ftp://ftp.ncbi.nlm.nih.gov/genomes/all/GCA/006/401/835/GCA_006401835.1_ASM640183v1",,"MH697605.1"
"Human adenovirus 7","Viruses;Other;Adenoviridae","","","GCA_006401885.1","Complete",0.035226,51.1,"MH697604.1","human,vertebrates",39,,"2019-02-27T00:00:00Z","ftp://ftp.ncbi.nlm.nih.gov/genomes/all/GCA/006/401/885/GCA_006401885.1_ASM640188v1",,"MH697604.1"
"Human adenovirus 7","Viruses;Other;Adenoviridae","","","GCA_006401935.1","Complete",0.035226,51.1,"MH697603.1","human,vertebrates",39,,"2019-02-27T00:00:00Z","ftp://ftp.ncbi.nlm.nih.gov/genomes/all/GCA/006/401/935/GCA_006401935.1_ASM640193v1",,"MH697603.1"
"Human adenovirus 7","Viruses;Other;Adenoviridae","","","GCA_006401955.1","Complete",0.035227,51.1,"MH697602.1","human,vertebrates",39,,"2019-02-27T00:00:00Z","ftp://ftp.ncbi.nlm.nih.gov/genomes/all/GCA/006/401/955/GCA_006401955.1_ASM640195v1",,"MH697602.1"
"Human adenovirus 7","Viruses;Other;Adenoviridae","","","GCA_006401995.1","Complete",0.035226,51.1,"MH697601.1","human,vertebrates",39,,"2019-02-27T00:00:00Z","ftp://ftp.ncbi.nlm.nih.gov/genomes/all/GCA/006/401/995/GCA_006401995.1_ASM640199v1",,"MH697601.1"
"Human adenovirus 7","Viruses;Other;Adenoviridae","","","GCA_006402035.1","Complete",0.035226,51.1,"MH697600.1","human,vertebrates",39,,"2019-02-27T00:00:00Z","ftp://ftp.ncbi.nlm.nih.gov/genomes/all/GCA/006/402/035/GCA_006402035.1_ASM640203v1",,"MH697600.1"
"Human adenovirus 7","Viruses;Other;Adenoviridae","","","GCA_006402135.1","Complete",0.035217,51.1,"MH355567.1","human,vertebrates",47,,"2019-02-11T00:00:00Z","ftp://ftp.ncbi.nlm.nih.gov/genomes/all/GCA/006/402/135/GCA_006402135.1_ASM640213v1",,"MH355567.1"
"Human adenovirus 55","Viruses;Other;Adenoviridae","","","GCA_006402155.1","Complete",0.034397,48.8,"MH256657.1","human,vertebrates",3,,"2019-02-05T00:00:00Z","ftp://ftp.ncbi.nlm.nih.gov/genomes/all/GCA/006/402/155/GCA_006402155.1_ASM640215v1",,"MH256657.1"
"Human adenovirus 55","Viruses;Other;Adenoviridae","","","GCA_006402215.1","Complete",0.034393,48.8,"MH256656.1","human,vertebrates",3,,"2019-02-05T00:00:00Z","ftp://ftp.ncbi.nlm.nih.gov/genomes/all/GCA/006/402/215/GCA_006402215.1_ASM640221v1",,"MH256656.1"
"Human adenovirus 55","Viruses;Other;Adenoviridae","","","GCA_006402235.1","Complete",0.0344,48.8,"MH256655.1","human,vertebrates",3,,"2019-02-05T00:00:00Z","ftp://ftp.ncbi.nlm.nih.gov/genomes/all/GCA/006/402/235/GCA_006402235.1_ASM640223v1",,"MH256655.1"
"Human adenovirus 55","Viruses;Other;Adenoviridae","","","GCA_006402275.1","Complete",0.034395,48.8,"MH256654.1","human,vertebrates",3,,"2019-02-05T00:00:00Z","ftp://ftp.ncbi.nlm.nih.gov/genomes/all/GCA/006/402/275/GCA_006402275.1_ASM640227v1",,"MH256654.1"
"Human adenovirus 55","Viruses;Other;Adenoviridae","","","GCA_006402315.1","Complete",0.034401,48.8,"MH256653.1","human,vertebrates",3,,"2019-02-05T00:00:00Z","ftp://ftp.ncbi.nlm.nih.gov/genomes/all/GCA/006/402/315/GCA_006402315.1_ASM640231v1",,"MH256653.1"
"Human adenovirus 7","Viruses;Other;Adenoviridae","","","GCA_006402335.1","Complete",0.035229,51.1,"MH262326.1","human,vertebrates",39,,"2019-01-24T00:00:00Z","ftp://ftp.ncbi.nlm.nih.gov/genomes/all/GCA/006/402/335/GCA_006402335.1_ASM640233v1",,"MH262326.1"
"Human adenovirus 7","Viruses;Other;Adenoviridae","","","GCA_006402355.1","Complete",0.035229,51.1,"MH262325.1","human,vertebrates",39,,"2019-01-24T00:00:00Z","ftp://ftp.ncbi.nlm.nih.gov/genomes/all/GCA/006/402/355/GCA_006402355.1_ASM640235v1",,"MH262325.1"
"Human adenovirus 7","Viruses;Other;Adenoviridae","","","GCA_006402395.1","Complete",0.035229,51.1,"MH262324.1","human,vertebrates",39,,"2019-01-24T00:00:00Z","ftp://ftp.ncbi.nlm.nih.gov/genomes/all/GCA/006/402/395/GCA_006402395.1_ASM640239v1",,"MH262324.1"
"Human adenovirus 7","Viruses;Other;Adenoviridae","","","GCA_006402455.1","Complete",0.035217,51.1,"MH262323.1","human,vertebrates",39,,"2019-01-24T00:00:00Z","ftp://ftp.ncbi.nlm.nih.gov/genomes/all/GCA/006/402/455/GCA_006402455.1_ASM640245v1",,"MH262323.1"
"Human adenovirus 7","Viruses;Other;Adenoviridae","","","GCA_006402475.1","Complete",0.035229,51.1,"MH262322.1","human,vertebrates",39,,"2019-01-24T00:00:00Z","ftp://ftp.ncbi.nlm.nih.gov/genomes/all/GCA/006/402/475/GCA_006402475.1_ASM640247v1",,"MH262322.1"
"Human adenovirus 7","Viruses;Other;Adenoviridae","","","GCA_006402495.1","Complete",0.035229,51.1,"MH262321.1","human,vertebrates",39,,"2019-01-24T00:00:00Z","ftp://ftp.ncbi.nlm.nih.gov/genomes/all/GCA/006/402/495/GCA_006402495.1_ASM640249v1",,"MH262321.1"
"Human adenovirus 7","Viruses;Other;Adenoviridae","","","GCA_006402565.1","Complete",0.035229,51.1,"MH262320.1","human,vertebrates",39,,"2019-01-24T00:00:00Z","ftp://ftp.ncbi.nlm.nih.gov/genomes/all/GCA/006/402/565/GCA_006402565.1_ASM640256v1",,"MH262320.1"
"Human adenovirus 7","Viruses;Other;Adenoviridae","","","GCA_006402595.1","Complete",0.035229,51.1,"MH262319.1","human,vertebrates",39,,"2019-01-24T00:00:00Z","ftp://ftp.ncbi.nlm.nih.gov/genomes/all/GCA/006/402/595/GCA_006402595.1_ASM640259v1",,"MH262319.1"
"Human adenovirus 7","Viruses;Other;Adenoviridae","","","GCA_006402615.1","Complete",0.035229,51.1,"MH262318.1","human,vertebrates",39,,"2019-01-24T00:00:00Z","ftp://ftp.ncbi.nlm.nih.gov/genomes/all/GCA/006/402/615/GCA_006402615.1_ASM640261v1",,"MH262318.1"
"Human adenovirus 7","Viruses;Other;Adenoviridae","","","GCA_006415735.1","Complete",0.035233,51.1,"MG736304.1","human,vertebrates",40,,"2018-10-17T00:00:00Z","ftp://ftp.ncbi.nlm.nih.gov/genomes/all/GCA/006/415/735/GCA_006415735.1_ASM641573v1",,"MG736304.1"
"Human adenovirus 7","Viruses;Other;Adenoviridae","","","GCA_006415755.1","Complete",0.035233,51.1,"MG736303.1","human,vertebrates",40,,"2018-10-17T00:00:00Z","ftp://ftp.ncbi.nlm.nih.gov/genomes/all/GCA/006/415/755/GCA_006415755.1_ASM641575v1",,"MG736303.1"
"Human adenovirus 7","Viruses;Other;Adenoviridae","","","GCA_006415795.1","Complete",0.035233,51.1,"MG696149.1","human,vertebrates",40,,"2018-10-17T00:00:00Z","ftp://ftp.ncbi.nlm.nih.gov/genomes/all/GCA/006/415/795/GCA_006415795.1_ASM641579v1",,"MG696149.1"
"Human adenovirus 7","Viruses;Other;Adenoviridae","","","GCA_006415815.1","Complete",0.03523,51.1,"MG696148.1","human,vertebrates",39,,"2018-10-17T00:00:00Z","ftp://ftp.ncbi.nlm.nih.gov/genomes/all/GCA/006/415/815/GCA_006415815.1_ASM641581v1",,"MG696148.1"
"Human adenovirus 7","Viruses;Other;Adenoviridae","","","GCA_006415835.1","Complete",0.035233,51.1,"MG696147.1","human,vertebrates",40,,"2018-10-17T00:00:00Z","ftp://ftp.ncbi.nlm.nih.gov/genomes/all/GCA/006/415/835/GCA_006415835.1_ASM641583v1",,"MG696147.1"
"Human adenovirus 7","Viruses;Other;Adenoviridae","","","GCA_006415895.1","Complete",0.035233,51.1,"MG696146.1","human,vertebrates",40,,"2018-10-17T00:00:00Z","ftp://ftp.ncbi.nlm.nih.gov/genomes/all/GCA/006/415/895/GCA_006415895.1_ASM641589v1",,"MG696146.1"
"Human adenovirus 7","Viruses;Other;Adenoviridae","","","GCA_006415915.1","Complete",0.035233,51.1,"MG696145.1","human,vertebrates",40,,"2018-10-17T00:00:00Z","ftp://ftp.ncbi.nlm.nih.gov/genomes/all/GCA/006/415/915/GCA_006415915.1_ASM641591v1",,"MG696145.1"
"Human adenovirus 7","Viruses;Other;Adenoviridae","","","GCA_006415955.1","Complete",0.035232,51.1,"MG696144.1","human,vertebrates",40,,"2018-10-17T00:00:00Z","ftp://ftp.ncbi.nlm.nih.gov/genomes/all/GCA/006/415/955/GCA_006415955.1_ASM641595v1",,"MG696144.1"
"Human adenovirus 7","Viruses;Other;Adenoviridae","","","GCA_006415975.1","Complete",0.035233,51.1,"MG696143.1","human,vertebrates",40,,"2018-10-17T00:00:00Z","ftp://ftp.ncbi.nlm.nih.gov/genomes/all/GCA/006/415/975/GCA_006415975.1_ASM641597v1",,"MG696143.1"
"Human adenovirus 7","Viruses;Other;Adenoviridae","","","GCA_006415995.1","Complete",0.035233,51.1,"MG696142.1","human,vertebrates",40,,"2018-10-17T00:00:00Z","ftp://ftp.ncbi.nlm.nih.gov/genomes/all/GCA/006/415/995/GCA_006415995.1_ASM641599v1",,"MG696142.1"
"Human adenovirus 7","Viruses;Other;Adenoviridae","","","GCA_006416015.1","Complete",0.035233,51.1,"MG696141.1","human,vertebrates",40,,"2018-10-17T00:00:00Z","ftp://ftp.ncbi.nlm.nih.gov/genomes/all/GCA/006/416/015/GCA_006416015.1_ASM641601v1",,"MG696141.1"
"Human adenovirus 7","Viruses;Other;Adenoviridae","","","GCA_006416035.1","Complete",0.035233,51.1,"MG696140.1","human,vertebrates",40,,"2018-10-17T00:00:00Z","ftp://ftp.ncbi.nlm.nih.gov/genomes/all/GCA/006/416/035/GCA_006416035.1_ASM641603v1",,"MG696140.1"
"Human adenovirus 7","Viruses;Other;Adenoviridae","","","GCA_006416065.1","Complete",0.035233,51.1,"MG696139.1","human,vertebrates",40,,"2018-10-17T00:00:00Z","ftp://ftp.ncbi.nlm.nih.gov/genomes/all/GCA/006/416/065/GCA_006416065.1_ASM641606v1",,"MG696139.1"
"Human adenovirus 7","Viruses;Other;Adenoviridae","","","GCA_006416115.1","Complete",0.035233,51.1,"MG696138.1","human,vertebrates",40,,"2018-10-17T00:00:00Z","ftp://ftp.ncbi.nlm.nih.gov/genomes/all/GCA/006/416/115/GCA_006416115.1_ASM641611v1",,"MG696138.1"
"Human adenovirus 7","Viruses;Other;Adenoviridae","","","GCA_006416135.1","Complete",0.035233,51.1,"MG696137.1","human,vertebrates",40,,"2018-10-17T00:00:00Z","ftp://ftp.ncbi.nlm.nih.gov/genomes/all/GCA/006/416/135/GCA_006416135.1_ASM641613v1",,"MG696137.1"
"Human adenovirus 7","Viruses;Other;Adenoviridae","","","GCA_006416155.1","Complete",0.035233,51.1,"MG696136.1","human,vertebrates",40,,"2018-10-17T00:00:00Z","ftp://ftp.ncbi.nlm.nih.gov/genomes/all/GCA/006/416/155/GCA_006416155.1_ASM641615v1",,"MG696136.1"
"Human adenovirus 7","Viruses;Other;Adenoviridae","","","GCA_006416195.1","Complete",0.035233,51.1,"MG696135.1","human,vertebrates",40,,"2018-10-17T00:00:00Z","ftp://ftp.ncbi.nlm.nih.gov/genomes/all/GCA/006/416/195/GCA_006416195.1_ASM641619v1",,"MG696135.1"
"Human adenovirus 7","Viruses;Other;Adenoviridae","","","GCA_006416215.1","Complete",0.035233,51.1,"MG696134.1","human,vertebrates",40,,"2018-10-17T00:00:00Z","ftp://ftp.ncbi.nlm.nih.gov/genomes/all/GCA/006/416/215/GCA_006416215.1_ASM641621v1",,"MG696134.1"
"Human adenovirus 7","Viruses;Other;Adenoviridae","","","GCA_006416235.1","Complete",0.03524,51.1,"MG696133.1","human,vertebrates",40,,"2018-10-17T00:00:00Z","ftp://ftp.ncbi.nlm.nih.gov/genomes/all/GCA/006/416/235/GCA_006416235.1_ASM641623v1",,"MG696133.1"
"Human adenovirus 7","Viruses;Other;Adenoviridae","","","GCA_006416255.1","Complete",0.035233,51.1,"MG696132.1","human,vertebrates",40,,"2018-10-17T00:00:00Z","ftp://ftp.ncbi.nlm.nih.gov/genomes/all/GCA/006/416/255/GCA_006416255.1_ASM641625v1",,"MG696132.1"
"Human adenovirus 7","Viruses;Other;Adenoviridae","","","GCA_006416275.1","Complete",0.035233,51.1,"MG696131.1","human,vertebrates",40,,"2018-10-17T00:00:00Z","ftp://ftp.ncbi.nlm.nih.gov/genomes/all/GCA/006/416/275/GCA_006416275.1_ASM641627v1",,"MG696131.1"
"Human adenovirus 7","Viruses;Other;Adenoviridae","","","GCA_006416315.1","Complete",0.035233,51.1,"MG696130.1","human,vertebrates",40,,"2018-10-17T00:00:00Z","ftp://ftp.ncbi.nlm.nih.gov/genomes/all/GCA/006/416/315/GCA_006416315.1_ASM641631v1",,"MG696130.1"
"Human adenovirus 7","Viruses;Other;Adenoviridae","","","GCA_006416375.1","Complete",0.035232,51.1,"MG696129.1","human,vertebrates",40,,"2018-10-17T00:00:00Z","ftp://ftp.ncbi.nlm.nih.gov/genomes/all/GCA/006/416/375/GCA_006416375.1_ASM641637v1",,"MG696129.1"
"Human adenovirus 7","Viruses;Other;Adenoviridae","","","GCA_006416395.1","Complete",0.035233,51.1,"MG696128.1","human,vertebrates",40,,"2018-10-17T00:00:00Z","ftp://ftp.ncbi.nlm.nih.gov/genomes/all/GCA/006/416/395/GCA_006416395.1_ASM641639v1",,"MG696128.1"
"Human adenovirus 7","Viruses;Other;Adenoviridae","","","GCA_006416555.1","Complete",0.035002,51.1,"MG923582.1","human,vertebrates",47,,"2018-10-06T00:00:00Z","ftp://ftp.ncbi.nlm.nih.gov/genomes/all/GCA/006/416/555/GCA_006416555.1_ASM641655v1",,"MG923582.1"
"Human adenovirus 7","Viruses;Other;Adenoviridae","","","GCA_006416575.1","Complete",0.034522,51.2,"MG923581.1","human,vertebrates",47,,"2018-10-06T00:00:00Z","ftp://ftp.ncbi.nlm.nih.gov/genomes/all/GCA/006/416/575/GCA_006416575.1_ASM641657v1",,"MG923581.1"
"Human adenovirus 21","Viruses;Other;Adenoviridae","","","GCA_006425655.1","Complete",0.035341,51.2,"MF502426.1","human,vertebrates",48,,"2018-05-30T00:00:00Z","ftp://ftp.ncbi.nlm.nih.gov/genomes/all/GCA/006/425/655/GCA_006425655.1_ASM642565v1",,"MF502426.1"
"Human mastadenovirus B","Viruses;Other;Adenoviridae","","","GCA_006426515.1","Complete",0.035271,50.9,"KY320276.1","human,vertebrates",42,,"2018-01-15T00:00:00Z","ftp://ftp.ncbi.nlm.nih.gov/genomes/all/GCA/006/426/515/GCA_006426515.1_ASM642651v1",,"KY320276.1"
"Human adenovirus 21a","Viruses;Other;Adenoviridae","","","GCA_006426535.1","Complete",0.035379,51.2,"KY307860.1","human,vertebrates",48,,"2017-12-31T00:00:00Z","ftp://ftp.ncbi.nlm.nih.gov/genomes/all/GCA/006/426/535/GCA_006426535.1_ASM642653v1",,"KY307860.1"
"Human adenovirus 21a","Viruses;Other;Adenoviridae","","","GCA_006426555.1","Complete",0.035372,51.2,"KY307859.1","human,vertebrates",48,,"2017-12-31T00:00:00Z","ftp://ftp.ncbi.nlm.nih.gov/genomes/all/GCA/006/426/555/GCA_006426555.1_ASM642655v1",,"KY307859.1"
"Human adenovirus 21a","Viruses;Other;Adenoviridae","","","GCA_006426595.1","Complete",0.035368,51.2,"KY307858.1","human,vertebrates",48,,"2017-12-31T00:00:00Z","ftp://ftp.ncbi.nlm.nih.gov/genomes/all/GCA/006/426/595/GCA_006426595.1_ASM642659v1",,"KY307858.1"
"Human adenovirus 21a","Viruses;Other;Adenoviridae","","","GCA_006426655.1","Complete",0.035372,51.2,"KY307857.1","human,vertebrates",48,,"2017-12-31T00:00:00Z","ftp://ftp.ncbi.nlm.nih.gov/genomes/all/GCA/006/426/655/GCA_006426655.1_ASM642665v1",,"KY307857.1"
"Human adenovirus 55","Viruses;Other;Adenoviridae","","","GCA_006433615.1","Complete",0.034773,48.8,"KY471323.1","human,vertebrates",38,,"2017-12-20T00:00:00Z","ftp://ftp.ncbi.nlm.nih.gov/genomes/all/GCA/006/433/615/GCA_006433615.1_ASM643361v1",,"KY471323.1"
"Human adenovirus 55","Viruses;Other;Adenoviridae","","","GCA_006433635.1","Complete",0.034776,48.8,"KY471322.1","human,vertebrates",38,,"2017-12-20T00:00:00Z","ftp://ftp.ncbi.nlm.nih.gov/genomes/all/GCA/006/433/635/GCA_006433635.1_ASM643363v1",,"KY471322.1"
"Human adenovirus 55","Viruses;Other;Adenoviridae","","","GCA_006433655.1","Complete",0.034773,48.8,"KY471321.1","human,vertebrates",38,,"2017-12-20T00:00:00Z","ftp://ftp.ncbi.nlm.nih.gov/genomes/all/GCA/006/433/655/GCA_006433655.1_ASM643365v1",,"KY471321.1"
"Human adenovirus 55","Viruses;Other;Adenoviridae","","","GCA_006433675.1","Complete",0.034773,48.8,"KY471320.1","human,vertebrates",38,,"2017-12-20T00:00:00Z","ftp://ftp.ncbi.nlm.nih.gov/genomes/all/GCA/006/433/675/GCA_006433675.1_ASM643367v1",,"KY471320.1"
"Human adenovirus 55","Viruses;Other;Adenoviridae","","","GCA_006433695.1","Complete",0.034773,48.8,"KY471319.1","human,vertebrates",38,,"2017-12-20T00:00:00Z","ftp://ftp.ncbi.nlm.nih.gov/genomes/all/GCA/006/433/695/GCA_006433695.1_ASM643369v1",,"KY471319.1"
"Human adenovirus 55","Viruses;Other;Adenoviridae","","","GCA_006433715.1","Complete",0.034776,48.8,"KY471318.1","human,vertebrates",38,,"2017-12-20T00:00:00Z","ftp://ftp.ncbi.nlm.nih.gov/genomes/all/GCA/006/433/715/GCA_006433715.1_ASM643371v1",,"KY471318.1"
"Human mastadenovirus B","Viruses;Other;Adenoviridae","","","GCA_006433995.1","Complete",0.034754,48.8,"KY021432.1","human,vertebrates",39,,"2017-11-04T00:00:00Z","ftp://ftp.ncbi.nlm.nih.gov/genomes/all/GCA/006/433/995/GCA_006433995.1_ASM643399v1",,"KY021432.1"
"Human mastadenovirus B","Viruses;Other;Adenoviridae","","","GCA_006434015.1","Complete",0.034758,48.8,"KY021431.1","human,vertebrates",38,,"2017-11-04T00:00:00Z","ftp://ftp.ncbi.nlm.nih.gov/genomes/all/GCA/006/434/015/GCA_006434015.1_ASM643401v1",,"KY021431.1"
"Human mastadenovirus B","Viruses;Other;Adenoviridae","","","GCA_006434035.1","Complete",0.034758,48.8,"KY021430.1","human,vertebrates",39,,"2017-11-04T00:00:00Z","ftp://ftp.ncbi.nlm.nih.gov/genomes/all/GCA/006/434/035/GCA_006434035.1_ASM643403v1",,"KY021430.1"
"Human mastadenovirus B","Viruses;Other;Adenoviridae","","","GCA_006434055.1","Complete",0.034764,48.8,"KY021429.1","human,vertebrates",39,,"2017-11-04T00:00:00Z","ftp://ftp.ncbi.nlm.nih.gov/genomes/all/GCA/006/434/055/GCA_006434055.1_ASM643405v1",,"KY021429.1"
"Human mastadenovirus B","Viruses;Other;Adenoviridae","","","GCA_006434075.1","Complete",0.034743,48.9,"KY021428.1","human,vertebrates",39,,"2017-11-04T00:00:00Z","ftp://ftp.ncbi.nlm.nih.gov/genomes/all/GCA/006/434/075/GCA_006434075.1_ASM643407v1",,"KY021428.1"
"Human mastadenovirus B","Viruses;Other;Adenoviridae","","","GCA_006434095.1","Complete",0.034726,48.9,"KY021427.1","human,vertebrates",39,,"2017-11-04T00:00:00Z","ftp://ftp.ncbi.nlm.nih.gov/genomes/all/GCA/006/434/095/GCA_006434095.1_ASM643409v1",,"KY021427.1"
"Human mastadenovirus B","Viruses;Other;Adenoviridae","","","GCA_006434115.1","Complete",0.034722,48.9,"KY021426.1","human,vertebrates",39,,"2017-11-04T00:00:00Z","ftp://ftp.ncbi.nlm.nih.gov/genomes/all/GCA/006/434/115/GCA_006434115.1_ASM643411v1",,"KY021426.1"
"Human mastadenovirus B","Viruses;Other;Adenoviridae","","","GCA_006434135.1","Complete",0.034779,49,"LC177352.1","human,vertebrates",41,,"2016-12-10T00:00:00Z","ftp://ftp.ncbi.nlm.nih.gov/genomes/all/GCA/006/434/135/GCA_006434135.1_ASM643413v1",,"LC177352.1"
"Human adenovirus 7","Viruses;Other;Adenoviridae","","","GCA_006434195.1","Complete",0.035239,51.1,"KP670856.2","human,vertebrates",39,,"2016-01-21T00:00:00Z","ftp://ftp.ncbi.nlm.nih.gov/genomes/all/GCA/006/434/195/GCA_006434195.1_ASM643419v1",,"KP670856.2"
"Human adenovirus 7","Viruses;Other;Adenoviridae","","","GCA_006434215.1","Complete",0.035239,51.1,"KP670855.2","human,vertebrates",39,,"2016-01-21T00:00:00Z","ftp://ftp.ncbi.nlm.nih.gov/genomes/all/GCA/006/434/215/GCA_006434215.1_ASM643421v1",,"KP670855.2"
"Human adenovirus 7","Viruses;Other;Adenoviridae","","","GCA_006434235.1","Complete",0.035239,51.1,"KP670861.1","human,vertebrates",39,,"2016-01-21T00:00:00Z","ftp://ftp.ncbi.nlm.nih.gov/genomes/all/GCA/006/434/235/GCA_006434235.1_ASM643423v1",,"KP670861.1"
"Human adenovirus 7","Viruses;Other;Adenoviridae","","","GCA_006434255.1","Complete",0.03524,51.1,"KP670860.1","human,vertebrates",39,,"2016-01-21T00:00:00Z","ftp://ftp.ncbi.nlm.nih.gov/genomes/all/GCA/006/434/255/GCA_006434255.1_ASM643425v1",,"KP670860.1"
"Human adenovirus 7","Viruses;Other;Adenoviridae","","","GCA_006434275.1","Complete",0.035239,51.1,"KP670859.1","human,vertebrates",39,,"2016-01-21T00:00:00Z","ftp://ftp.ncbi.nlm.nih.gov/genomes/all/GCA/006/434/275/GCA_006434275.1_ASM643427v1",,"KP670859.1"
"Human adenovirus 7","Viruses;Other;Adenoviridae","","","GCA_006434295.1","Complete",0.035238,51.1,"KP670858.1","human,vertebrates",39,,"2016-01-21T00:00:00Z","ftp://ftp.ncbi.nlm.nih.gov/genomes/all/GCA/006/434/295/GCA_006434295.1_ASM643429v1",,"KP670858.1"
"Human adenovirus 7","Viruses;Other;Adenoviridae","","","GCA_006434315.1","Complete",0.03524,51.1,"KP670857.1","human,vertebrates",39,,"2016-01-21T00:00:00Z","ftp://ftp.ncbi.nlm.nih.gov/genomes/all/GCA/006/434/315/GCA_006434315.1_ASM643431v1",,"KP670857.1"
"Human mastadenovirus B","Viruses;Other;Adenoviridae","","","GCA_006434355.1","Complete",0.035429,52.7,"KT069550.1","human,vertebrates",36,,"2015-07-22T00:00:00Z","ftp://ftp.ncbi.nlm.nih.gov/genomes/all/GCA/006/434/355/GCA_006434355.1_ASM643435v1",,"KT069550.1"
"Human adenovirus 55","Viruses;Other;Adenoviridae","","","GCA_006434495.1","Complete",0.03473,48.8,"KP896484.1","human,vertebrates",33,,"2017-07-30T00:00:00Z","ftp://ftp.ncbi.nlm.nih.gov/genomes/all/GCA/006/434/495/GCA_006434495.1_ASM643449v1",,"KP896484.1"
"Human adenovirus 55","Viruses;Other;Adenoviridae","","","GCA_006434515.1","Complete",0.034752,48.8,"KP896483.1","human,vertebrates",34,,"2017-07-30T00:00:00Z","ftp://ftp.ncbi.nlm.nih.gov/genomes/all/GCA/006/434/515/GCA_006434515.1_ASM643451v1",,"KP896483.1"
"Human adenovirus 14","Viruses;Other;Adenoviridae","","","GCA_006434535.1","Complete",0.034731,48.9,"KP896482.1","human,vertebrates",37,,"2017-07-30T00:00:00Z","ftp://ftp.ncbi.nlm.nih.gov/genomes/all/GCA/006/434/535/GCA_006434535.1_ASM643453v1",,"KP896482.1"
"Human adenovirus 7","Viruses;Other;Adenoviridae","","","GCA_006434555.1","Complete",0.035209,51,"KP896481.1","human,vertebrates",31,,"2017-07-30T00:00:00Z","ftp://ftp.ncbi.nlm.nih.gov/genomes/all/GCA/006/434/555/GCA_006434555.1_ASM643455v1",,"KP896481.1"
"Human adenovirus 7","Viruses;Other;Adenoviridae","","","GCA_006434575.1","Complete",0.035216,51.1,"KP896480.1","human,vertebrates",34,,"2017-07-30T00:00:00Z","ftp://ftp.ncbi.nlm.nih.gov/genomes/all/GCA/006/434/575/GCA_006434575.1_ASM643457v1",,"KP896480.1"
"Human adenovirus 7","Viruses;Other;Adenoviridae","","","GCA_006434595.1","Complete",0.035219,51.1,"KP896479.1","human,vertebrates",31,,"2017-07-30T00:00:00Z","ftp://ftp.ncbi.nlm.nih.gov/genomes/all/GCA/006/434/595/GCA_006434595.1_ASM643459v1",,"KP896479.1"
"Human adenovirus 55","Viruses;Other;Adenoviridae","","","GCA_006434615.1","Complete",0.034755,48.8,"KP896478.1","human,vertebrates",37,,"2017-07-30T00:00:00Z","ftp://ftp.ncbi.nlm.nih.gov/genomes/all/GCA/006/434/615/GCA_006434615.1_ASM643461v1",,"KP896478.1"
"Human adenovirus 7","Viruses;Other;Adenoviridae","","","GCA_006434635.1","Complete",0.034835,51.2,"KX897164.1","human,vertebrates",40,,"2017-07-18T00:00:00Z","ftp://ftp.ncbi.nlm.nih.gov/genomes/all/GCA/006/434/635/GCA_006434635.1_ASM643463v1",,"KX897164.1"
"Human adenovirus 55","Viruses;Other;Adenoviridae","","","GCA_006434675.1","Complete",0.034755,48.8,"KX289874.1","human,vertebrates",37,,"2017-06-13T00:00:00Z","ftp://ftp.ncbi.nlm.nih.gov/genomes/all/GCA/006/434/675/GCA_006434675.1_ASM643467v1",,"KX289874.1"
"Human adenovirus B3","Viruses;Other;Adenoviridae","","","GCA_006435315.1","Complete",0.03525,50.9,"KX384958.1","human,vertebrates",43,,"2017-04-06T00:00:00Z","ftp://ftp.ncbi.nlm.nih.gov/genomes/all/GCA/006/435/315/GCA_006435315.1_ASM643531v1",,"KX384958.1"
"Human adenovirus 55","Viruses;Other;Adenoviridae","","","GCA_006435635.1","Complete",0.034755,48.8,"KY070248.1","human,vertebrates",33,,"2017-03-15T00:00:00Z","ftp://ftp.ncbi.nlm.nih.gov/genomes/all/GCA/006/435/635/GCA_006435635.1_ASM643563v1",,"KY070248.1"
"Human adenovirus 55","Viruses;Other;Adenoviridae","","","GCA_006436615.1","Complete",0.034776,48.8,"KX494979.1","human,vertebrates",38,,"2016-12-11T00:00:00Z","ftp://ftp.ncbi.nlm.nih.gov/genomes/all/GCA/006/436/615/GCA_006436615.1_ASM643661v1",,"KX494979.1"
"Human mastadenovirus B","Viruses;Other;Adenoviridae","","","GCA_006436735.1","Complete",0.034881,49.1,"KT970440.1","human,vertebrates",41,,"2016-09-30T00:00:00Z","ftp://ftp.ncbi.nlm.nih.gov/genomes/all/GCA/006/436/735/GCA_006436735.1_ASM643673v1",,"KT970440.1"
"Human mastadenovirus B","Viruses;Other;Adenoviridae","","","GCA_006436755.1","Complete",0.034789,49.1,"KT970442.1","human,vertebrates",40,,"2016-09-30T00:00:00Z","ftp://ftp.ncbi.nlm.nih.gov/genomes/all/GCA/006/436/755/GCA_006436755.1_ASM643675v1",,"KT970442.1"
"Human mastadenovirus B","Viruses;Other;Adenoviridae","","","GCA_006436775.1","Complete",0.034798,49.1,"KT970441.1","human,vertebrates",41,,"2016-09-30T00:00:00Z","ftp://ftp.ncbi.nlm.nih.gov/genomes/all/GCA/006/436/775/GCA_006436775.1_ASM643677v1",,"KT970441.1"
"Human adenovirus 7","Viruses;Other;Adenoviridae","","","GCA_006437295.1","Complete",0.035214,51.1,"KU361344.1","human,vertebrates",47,,"2016-07-10T00:00:00Z","ftp://ftp.ncbi.nlm.nih.gov/genomes/all/GCA/006/437/295/GCA_006437295.1_ASM643729v1",,"KU361344.1"
"Human adenovirus 7","Viruses;Other;Adenoviridae","","","GCA_006437455.1","Complete",0.035225,51.1,"KT963081.1","human,vertebrates",39,,"2016-06-08T00:00:00Z","ftp://ftp.ncbi.nlm.nih.gov/genomes/all/GCA/006/437/455/GCA_006437455.1_ASM643745v1",,"KT963081.1"
"Human adenovirus 7","Viruses;Other;Adenoviridae","","","GCA_006437535.1","Complete",0.035166,51.1,"KJ019879.1","human,vertebrates",40,,"2014-12-31T00:00:00Z","ftp://ftp.ncbi.nlm.nih.gov/genomes/all/GCA/006/437/535/GCA_006437535.1_ASM643753v1",,"KJ019879.1"
"Human adenovirus 55","Viruses;Other;Adenoviridae","","","GCA_006437655.1","Complete",0.034773,48.8,"JX491639.1","human,vertebrates",39,,"2012-10-30T00:00:00Z","ftp://ftp.ncbi.nlm.nih.gov/genomes/all/GCA/006/437/655/GCA_006437655.1_ASM643765v1",,"JX491639.1"
"Human adenovirus 14","Viruses;Other;Adenoviridae","","","GCA_006437695.1","Complete",0.034767,48.8,"JQ824845.1","human,vertebrates",38,,"2012-06-09T00:00:00Z","ftp://ftp.ncbi.nlm.nih.gov/genomes/all/GCA/006/437/695/GCA_006437695.1_ASM643769v1",,"JQ824845.1"
"Human adenovirus 55","Viruses;Other;Adenoviridae","","","GCA_006437915.1","Complete",0.034755,48.8,"KP279748.1","human,vertebrates",38,,"2015-12-31T00:00:00Z","ftp://ftp.ncbi.nlm.nih.gov/genomes/all/GCA/006/437/915/GCA_006437915.1_ASM643791v1",,"KP279748.1"
"Human adenovirus 7","Viruses;Other;Adenoviridae","","","GCA_006437955.1","Complete",0.035153,51.1,"KJ019888.1","human,vertebrates",40,,"2014-12-31T00:00:00Z","ftp://ftp.ncbi.nlm.nih.gov/genomes/all/GCA/006/437/955/GCA_006437955.1_ASM643795v1",,"KJ019888.1"
"Human adenovirus 7","Viruses;Other;Adenoviridae","","","GCA_006437975.1","Complete",0.035197,51.1,"KJ019887.1","human,vertebrates",40,,"2014-12-31T00:00:00Z","ftp://ftp.ncbi.nlm.nih.gov/genomes/all/GCA/006/437/975/GCA_006437975.1_ASM643797v1",,"KJ019887.1"
"Human adenovirus 7","Viruses;Other;Adenoviridae","","","GCA_006437995.1","Complete",0.035228,51.1,"KJ019886.1","human,vertebrates",40,,"2014-12-31T00:00:00Z","ftp://ftp.ncbi.nlm.nih.gov/genomes/all/GCA/006/437/995/GCA_006437995.1_ASM643799v1",,"KJ019886.1"
"Human adenovirus 7","Viruses;Other;Adenoviridae","","","GCA_006438015.1","Complete",0.035228,51.1,"KJ019885.1","human,vertebrates",40,,"2014-12-31T00:00:00Z","ftp://ftp.ncbi.nlm.nih.gov/genomes/all/GCA/006/438/015/GCA_006438015.1_ASM643801v1",,"KJ019885.1"
"Human adenovirus 7","Viruses;Other;Adenoviridae","","","GCA_006438035.1","Complete",0.03514,51.1,"KJ019884.1","human,vertebrates",40,,"2014-12-31T00:00:00Z","ftp://ftp.ncbi.nlm.nih.gov/genomes/all/GCA/006/438/035/GCA_006438035.1_ASM643803v1",,"KJ019884.1"
"Human adenovirus 7","Viruses;Other;Adenoviridae","","","GCA_006438055.1","Complete",0.035083,51.1,"KJ019883.1","human,vertebrates",40,,"2014-12-31T00:00:00Z","ftp://ftp.ncbi.nlm.nih.gov/genomes/all/GCA/006/438/055/GCA_006438055.1_ASM643805v1",,"KJ019883.1"
"Human adenovirus 7","Viruses;Other;Adenoviridae","","","GCA_006438075.1","Complete",0.035241,51.1,"KJ019882.1","human,vertebrates",40,,"2014-12-31T00:00:00Z","ftp://ftp.ncbi.nlm.nih.gov/genomes/all/GCA/006/438/075/GCA_006438075.1_ASM643807v1",,"KJ019882.1"
"Human adenovirus 7","Viruses;Other;Adenoviridae","","","GCA_006438095.1","Complete",0.035232,51.1,"KJ019881.1","human,vertebrates",40,,"2014-12-31T00:00:00Z","ftp://ftp.ncbi.nlm.nih.gov/genomes/all/GCA/006/438/095/GCA_006438095.1_ASM643809v1",,"KJ019881.1"
"Human adenovirus 7","Viruses;Other;Adenoviridae","","","GCA_006438115.1","Complete",0.035213,51.1,"KJ019880.1","human,vertebrates",40,,"2014-12-31T00:00:00Z","ftp://ftp.ncbi.nlm.nih.gov/genomes/all/GCA/006/438/115/GCA_006438115.1_ASM643811v1",,"KJ019880.1"
"Human adenovirus 21","Viruses;Other;Adenoviridae","","","GCA_006438175.1","Complete",0.035362,51.2,"KJ364592.1","human,vertebrates",48,,"2015-01-31T00:00:00Z","ftp://ftp.ncbi.nlm.nih.gov/genomes/all/GCA/006/438/175/GCA_006438175.1_ASM643817v1",,"KJ364592.1"
"Human adenovirus 21","Viruses;Other;Adenoviridae","","","GCA_006438195.1","Complete",0.035387,51.2,"KJ364591.1","human,vertebrates",48,,"2015-01-31T00:00:00Z","ftp://ftp.ncbi.nlm.nih.gov/genomes/all/GCA/006/438/195/GCA_006438195.1_ASM643819v1",,"KJ364591.1"
"Human adenovirus 21","Viruses;Other;Adenoviridae","","","GCA_006438215.1","Complete",0.035364,51.2,"KJ364590.1","human,vertebrates",48,,"2015-01-31T00:00:00Z","ftp://ftp.ncbi.nlm.nih.gov/genomes/all/GCA/006/438/215/GCA_006438215.1_ASM643821v1",,"KJ364590.1"
"Human adenovirus 21","Viruses;Other;Adenoviridae","","","GCA_006438235.1","Complete",0.035363,51.2,"KJ364589.1","human,vertebrates",48,,"2015-01-31T00:00:00Z","ftp://ftp.ncbi.nlm.nih.gov/genomes/all/GCA/006/438/235/GCA_006438235.1_ASM643823v1",,"KJ364589.1"
"Human adenovirus 21","Viruses;Other;Adenoviridae","","","GCA_006438255.1","Complete",0.035371,51.2,"KJ364588.1","human,vertebrates",48,,"2015-01-31T00:00:00Z","ftp://ftp.ncbi.nlm.nih.gov/genomes/all/GCA/006/438/255/GCA_006438255.1_ASM643825v1",,"KJ364588.1"
"Human adenovirus 21","Viruses;Other;Adenoviridae","","","GCA_006438275.1","Complete",0.035371,51.2,"KJ364587.1","human,vertebrates",48,,"2015-01-31T00:00:00Z","ftp://ftp.ncbi.nlm.nih.gov/genomes/all/GCA/006/438/275/GCA_006438275.1_ASM643827v1",,"KJ364587.1"
"Human adenovirus 21","Viruses;Other;Adenoviridae","","","GCA_006438295.1","Complete",0.035379,51.2,"KJ364586.1","human,vertebrates",48,,"2015-01-31T00:00:00Z","ftp://ftp.ncbi.nlm.nih.gov/genomes/all/GCA/006/438/295/GCA_006438295.1_ASM643829v1",,"KJ364586.1"
"Human adenovirus 21","Viruses;Other;Adenoviridae","","","GCA_006438315.1","Complete",0.035375,51.2,"KJ364585.1","human,vertebrates",48,,"2015-01-31T00:00:00Z","ftp://ftp.ncbi.nlm.nih.gov/genomes/all/GCA/006/438/315/GCA_006438315.1_ASM643831v1",,"KJ364585.1"
"Human adenovirus 21","Viruses;Other;Adenoviridae","","","GCA_006438335.1","Complete",0.035369,51.2,"KJ364584.1","human,vertebrates",48,,"2015-01-31T00:00:00Z","ftp://ftp.ncbi.nlm.nih.gov/genomes/all/GCA/006/438/335/GCA_006438335.1_ASM643833v1",,"KJ364584.1"
"Human adenovirus 21","Viruses;Other;Adenoviridae","","","GCA_006438355.1","Complete",0.035378,51.2,"KJ364583.1","human,vertebrates",48,,"2015-01-31T00:00:00Z","ftp://ftp.ncbi.nlm.nih.gov/genomes/all/GCA/006/438/355/GCA_006438355.1_ASM643835v1",,"KJ364583.1"
"Human adenovirus 21","Viruses;Other;Adenoviridae","","","GCA_006438375.1","Complete",0.03537,51.2,"KJ364582.1","human,vertebrates",48,,"2015-01-31T00:00:00Z","ftp://ftp.ncbi.nlm.nih.gov/genomes/all/GCA/006/438/375/GCA_006438375.1_ASM643837v1",,"KJ364582.1"
"Human adenovirus 21","Viruses;Other;Adenoviridae","","","GCA_006438395.1","Complete",0.035369,51.2,"KJ364581.1","human,vertebrates",48,,"2015-01-31T00:00:00Z","ftp://ftp.ncbi.nlm.nih.gov/genomes/all/GCA/006/438/395/GCA_006438395.1_ASM643839v1",,"KJ364581.1"
"Human adenovirus 21","Viruses;Other;Adenoviridae","","","GCA_006440905.1","Complete",0.035379,51.2,"KJ364580.1","human,vertebrates",48,,"2015-01-31T00:00:00Z","ftp://ftp.ncbi.nlm.nih.gov/genomes/all/GCA/006/440/905/GCA_006440905.1_ASM644090v1",,"KJ364580.1"
"Human adenovirus 21","Viruses;Other;Adenoviridae","","","GCA_006440925.1","Complete",0.035377,51.2,"KJ364579.1","human,vertebrates",48,,"2015-01-31T00:00:00Z","ftp://ftp.ncbi.nlm.nih.gov/genomes/all/GCA/006/440/925/GCA_006440925.1_ASM644092v1",,"KJ364579.1"
"Human adenovirus 21","Viruses;Other;Adenoviridae","","","GCA_006440965.1","Complete",0.035375,51.2,"KJ364578.1","human,vertebrates",48,,"2015-01-31T00:00:00Z","ftp://ftp.ncbi.nlm.nih.gov/genomes/all/GCA/006/440/965/GCA_006440965.1_ASM644096v1",,"KJ364578.1"
"Human adenovirus 21","Viruses;Other;Adenoviridae","","","GCA_006440985.1","Complete",0.035378,51.2,"KJ364577.1","human,vertebrates",48,,"2015-01-31T00:00:00Z","ftp://ftp.ncbi.nlm.nih.gov/genomes/all/GCA/006/440/985/GCA_006440985.1_ASM644098v1",,"KJ364577.1"
"Human adenovirus 21","Viruses;Other;Adenoviridae","","","GCA_006441025.1","Complete",0.035368,51.2,"KJ364576.1","human,vertebrates",48,,"2015-01-31T00:00:00Z","ftp://ftp.ncbi.nlm.nih.gov/genomes/all/GCA/006/441/025/GCA_006441025.1_ASM644102v1",,"KJ364576.1"
"Human adenovirus 21","Viruses;Other;Adenoviridae","","","GCA_006441055.1","Complete",0.035378,51.2,"KJ364575.1","human,vertebrates",48,,"2015-01-31T00:00:00Z","ftp://ftp.ncbi.nlm.nih.gov/genomes/all/GCA/006/441/055/GCA_006441055.1_ASM644105v1",,"KJ364575.1"
"Human adenovirus 21","Viruses;Other;Adenoviridae","","","GCA_006441105.1","Complete",0.035371,51.2,"KJ364574.1","human,vertebrates",48,,"2015-01-31T00:00:00Z","ftp://ftp.ncbi.nlm.nih.gov/genomes/all/GCA/006/441/105/GCA_006441105.1_ASM644110v1",,"KJ364574.1"
"Human adenovirus 21","Viruses;Other;Adenoviridae","","","GCA_006441125.1","Complete",0.035366,51.2,"KJ364573.1","human,vertebrates",48,,"2015-01-31T00:00:00Z","ftp://ftp.ncbi.nlm.nih.gov/genomes/all/GCA/006/441/125/GCA_006441125.1_ASM644112v1",,"KJ364573.1"
"Human adenovirus 7","Viruses;Other;Adenoviridae","","","GCA_006441645.1","Complete",0.03524,51.1,"KC440171.1","human,vertebrates",39,,"2014-10-31T00:00:00Z","ftp://ftp.ncbi.nlm.nih.gov/genomes/all/GCA/006/441/645/GCA_006441645.1_ASM644164v1",,"KC440171.1"
"Human adenovirus 55","Viruses;Other;Adenoviridae","","","GCA_006441715.1","Complete",0.034745,48.8,"KC857701.1","human,vertebrates",36,,"2014-10-30T00:00:00Z","ftp://ftp.ncbi.nlm.nih.gov/genomes/all/GCA/006/441/715/GCA_006441715.1_ASM644171v1",,"KC857701.1"
"Human adenovirus 7","Viruses;Other;Adenoviridae","","","GCA_006441735.1","Complete",0.03524,51.1,"KC857700.1","human,vertebrates",47,,"2014-10-30T00:00:00Z","ftp://ftp.ncbi.nlm.nih.gov/genomes/all/GCA/006/441/735/GCA_006441735.1_ASM644173v1",,"KC857700.1"
"Human adenovirus 55","Viruses;Other;Adenoviridae","","","GCA_006441775.1","Complete",0.034238,48.8,"KF908851.1","human,vertebrates",37,,"2014-10-13T00:00:00Z","ftp://ftp.ncbi.nlm.nih.gov/genomes/all/GCA/006/441/775/GCA_006441775.1_ASM644177v1",,"KF908851.1"
"Human adenovirus 21a","Viruses;Other;Adenoviridae","","","GCA_006441795.1","Complete",0.035367,51.2,"KF577599.1","human,vertebrates",48,,"2014-07-16T00:00:00Z","ftp://ftp.ncbi.nlm.nih.gov/genomes/all/GCA/006/441/795/GCA_006441795.1_ASM644179v1",,"KF577599.1"
"Human adenovirus 21","Viruses;Other;Adenoviridae","","","GCA_006441815.1","Complete",0.035415,51.2,"KF528688.1","human,vertebrates",48,,"2014-07-19T00:00:00Z","ftp://ftp.ncbi.nlm.nih.gov/genomes/all/GCA/006/441/815/GCA_006441815.1_ASM644181v1",,"KF528688.1"
"Human adenovirus 21a","Viruses;Other;Adenoviridae","","","GCA_006441835.1","Complete",0.035376,51.2,"KF938576.1","human,vertebrates",48,,"2014-07-16T00:00:00Z","ftp://ftp.ncbi.nlm.nih.gov/genomes/all/GCA/006/441/835/GCA_006441835.1_ASM644183v1",,"KF938576.1"
"Human adenovirus 21a","Viruses;Other;Adenoviridae","","","GCA_006441855.1","Complete",0.035376,51.2,"KF938575.1","human,vertebrates",48,,"2014-07-16T00:00:00Z","ftp://ftp.ncbi.nlm.nih.gov/genomes/all/GCA/006/441/855/GCA_006441855.1_ASM644185v1",,"KF938575.1"
"Human adenovirus 21a","Viruses;Other;Adenoviridae","","","GCA_006441875.1","Complete",0.035327,51.2,"KF802426.1","human,vertebrates",48,,"2014-07-16T00:00:00Z","ftp://ftp.ncbi.nlm.nih.gov/genomes/all/GCA/006/441/875/GCA_006441875.1_ASM644187v1",,"KF802426.1"
"Human adenovirus 21a","Viruses;Other;Adenoviridae","","","GCA_006441895.1","Complete",0.035373,51.2,"KF802425.1","human,vertebrates",48,,"2014-07-16T00:00:00Z","ftp://ftp.ncbi.nlm.nih.gov/genomes/all/GCA/006/441/895/GCA_006441895.1_ASM644189v1",,"KF802425.1"
"Human adenovirus 21a","Viruses;Other;Adenoviridae","","","GCA_006441915.1","Complete",0.035375,51.2,"KF577598.1","human,vertebrates",48,,"2014-07-16T00:00:00Z","ftp://ftp.ncbi.nlm.nih.gov/genomes/all/GCA/006/441/915/GCA_006441915.1_ASM644191v1",,"KF577598.1"
"Human adenovirus 21a","Viruses;Other;Adenoviridae","","","GCA_006441935.1","Complete",0.035377,51.2,"KF577597.1","human,vertebrates",48,,"2014-07-16T00:00:00Z","ftp://ftp.ncbi.nlm.nih.gov/genomes/all/GCA/006/441/935/GCA_006441935.1_ASM644193v1",,"KF577597.1"
"Human adenovirus 21a","Viruses;Other;Adenoviridae","","","GCA_006441955.1","Complete",0.035367,51.2,"KF577595.1","human,vertebrates",48,,"2014-07-16T00:00:00Z","ftp://ftp.ncbi.nlm.nih.gov/genomes/all/GCA/006/441/955/GCA_006441955.1_ASM644195v1",,"KF577595.1"
"Human adenovirus 21a","Viruses;Other;Adenoviridae","","","GCA_006441975.1","Complete",0.035376,51.2,"KF577593.1","human,vertebrates",48,,"2014-07-16T00:00:00Z","ftp://ftp.ncbi.nlm.nih.gov/genomes/all/GCA/006/441/975/GCA_006441975.1_ASM644197v1",,"KF577593.1"
"Human adenovirus 55","Viruses;Other;Adenoviridae","","","GCA_006441995.1","Complete",0.034755,48.8,"KJ883522.1","human,vertebrates",32,,"2014-07-15T00:00:00Z","ftp://ftp.ncbi.nlm.nih.gov/genomes/all/GCA/006/441/995/GCA_006441995.1_ASM644199v1",,"KJ883522.1"
"Human adenovirus 55","Viruses;Other;Adenoviridae","","","GCA_006442015.1","Complete",0.03475,48.8,"KJ883521.1","human,vertebrates",34,,"2014-07-15T00:00:00Z","ftp://ftp.ncbi.nlm.nih.gov/genomes/all/GCA/006/442/015/GCA_006442015.1_ASM644201v1",,"KJ883521.1"
"Human adenovirus 55","Viruses;Other;Adenoviridae","","","GCA_006442035.1","Complete",0.034751,48.8,"KJ883520.1","human,vertebrates",34,,"2014-07-15T00:00:00Z","ftp://ftp.ncbi.nlm.nih.gov/genomes/all/GCA/006/442/035/GCA_006442035.1_ASM644203v1",,"KJ883520.1"
"Human adenovirus 11+34","Viruses;Other;Adenoviridae","","","GCA_006443875.1","Complete",0.03478,49,"KF906413.1","human,vertebrates",40,,"2014-02-19T00:00:00Z","ftp://ftp.ncbi.nlm.nih.gov/genomes/all/GCA/006/443/875/GCA_006443875.1_ASM644387v1",,"KF906413.1"
"Human adenovirus 14","Viruses;Other;Adenoviridae","","","GCA_006443895.1","Complete",0.03476,48.8,"JX892927.2","human,vertebrates",40,,"2013-02-12T00:00:00Z","ftp://ftp.ncbi.nlm.nih.gov/genomes/all/GCA/006/443/895/GCA_006443895.1_ASM644389v1",,"JX892927.2"
"Human mastadenovirus B","Viruses;Other;Adenoviridae","","PRJNA70469","GCA_006444535.1","Complete",0.034653,49.2,"KF268328.1","human,vertebrates",41,,"2013-08-26T00:00:00Z","ftp://ftp.ncbi.nlm.nih.gov/genomes/all/GCA/006/444/535/GCA_006444535.1_ASM644453v1",,"KF268328.1"
"Human mastadenovirus B","Viruses;Other;Adenoviridae","","PRJNA70469","GCA_006444935.1","Complete",0.035586,51.1,"KF633445.1","human,vertebrates",39,,"2013-09-16T00:00:00Z","ftp://ftp.ncbi.nlm.nih.gov/genomes/all/GCA/006/444/935/GCA_006444935.1_ASM644493v1",,"KF633445.1"
"Human mastadenovirus B","Viruses;Other;Adenoviridae","","PRJNA70469","GCA_006444975.1","Complete",0.035158,51.1,"KF268316.1","human,vertebrates",45,,"2013-08-26T00:00:00Z","ftp://ftp.ncbi.nlm.nih.gov/genomes/all/GCA/006/444/975/GCA_006444975.1_ASM644497v1",,"KF268316.1"
"Human mastadenovirus B","Viruses;Other;Adenoviridae","","PRJNA70469","GCA_006444995.1","Complete",0.035402,51.3,"KF268315.1","human,vertebrates",44,,"2013-08-26T00:00:00Z","ftp://ftp.ncbi.nlm.nih.gov/genomes/all/GCA/006/444/995/GCA_006444995.1_ASM644499v1",,"KF268315.1"
"Human mastadenovirus B","Viruses;Other;Adenoviridae","","PRJNA70469","GCA_006445015.1","Complete",0.035198,51.1,"KF268314.1","human,vertebrates",45,,"2013-08-26T00:00:00Z","ftp://ftp.ncbi.nlm.nih.gov/genomes/all/GCA/006/445/015/GCA_006445015.1_ASM644501v1",,"KF268314.1"
"Human mastadenovirus B","Viruses;Other;Adenoviridae","","PRJNA70469","GCA_006445055.1","Complete",0.035207,51,"KF268212.1","human,vertebrates",44,,"2013-08-26T00:00:00Z","ftp://ftp.ncbi.nlm.nih.gov/genomes/all/GCA/006/445/055/GCA_006445055.1_ASM644505v1",,"KF268212.1"
"Human mastadenovirus B","Viruses;Other;Adenoviridae","","PRJNA70469","GCA_006445075.1","Complete",0.035235,51,"KF268210.1","human,vertebrates",44,,"2013-08-26T00:00:00Z","ftp://ftp.ncbi.nlm.nih.gov/genomes/all/GCA/006/445/075/GCA_006445075.1_ASM644507v1",,"KF268210.1"
"Human mastadenovirus B","Viruses;Other;Adenoviridae","","PRJNA70469","GCA_006445095.1","Complete",0.035264,50.8,"KF268202.1","human,vertebrates",42,,"2013-08-26T00:00:00Z","ftp://ftp.ncbi.nlm.nih.gov/genomes/all/GCA/006/445/095/GCA_006445095.1_ASM644509v1",,"KF268202.1"
"Human mastadenovirus B","Viruses;Other;Adenoviridae","","PRJNA70469","GCA_006445355.1","Complete",0.035197,51.1,"JX423388.1","human,vertebrates",44,,"2012-08-28T00:00:00Z","ftp://ftp.ncbi.nlm.nih.gov/genomes/all/GCA/006/445/355/GCA_006445355.1_ASM644535v1",,"JX423388.1"
"Human mastadenovirus B","Viruses;Other;Adenoviridae","","PRJNA70469","GCA_006445375.1","Complete",0.035198,51.1,"JX423387.1","human,vertebrates",44,,"2012-08-28T00:00:00Z","ftp://ftp.ncbi.nlm.nih.gov/genomes/all/GCA/006/445/375/GCA_006445375.1_ASM644537v1",,"JX423387.1"
"Human mastadenovirus B","Viruses;Other;Adenoviridae","","PRJNA70469","GCA_006445395.1","Complete",0.035498,51.2,"JX423386.1","human,vertebrates",43,,"2012-08-28T00:00:00Z","ftp://ftp.ncbi.nlm.nih.gov/genomes/all/GCA/006/445/395/GCA_006445395.1_ASM644539v1",,"JX423386.1"
"Human mastadenovirus B","Viruses;Other;Adenoviridae","","PRJNA70469","GCA_006445415.1","Complete",0.034772,48.8,"JX423385.1","human,vertebrates",40,,"2012-08-28T00:00:00Z","ftp://ftp.ncbi.nlm.nih.gov/genomes/all/GCA/006/445/415/GCA_006445415.1_ASM644541v1",,"JX423385.1"
"Human mastadenovirus B","Viruses;Other;Adenoviridae","","PRJNA70469","GCA_006445435.1","Complete",0.034763,48.8,"JX423384.1","human,vertebrates",40,,"2012-08-28T00:00:00Z","ftp://ftp.ncbi.nlm.nih.gov/genomes/all/GCA/006/445/435/GCA_006445435.1_ASM644543v1",,"JX423384.1"
"Human mastadenovirus B","Viruses;Other;Adenoviridae","","PRJNA70469","GCA_006445455.1","Complete",0.035239,51.1,"JX423383.1","human,vertebrates",44,,"2012-08-28T00:00:00Z","ftp://ftp.ncbi.nlm.nih.gov/genomes/all/GCA/006/445/455/GCA_006445455.1_ASM644545v1",,"JX423383.1"
"Human mastadenovirus B","Viruses;Other;Adenoviridae","","PRJNA70469","GCA_006445475.1","Complete",0.035252,50.9,"JX423382.1","human,vertebrates",42,,"2012-08-28T00:00:00Z","ftp://ftp.ncbi.nlm.nih.gov/genomes/all/GCA/006/445/475/GCA_006445475.1_ASM644547v1",,"JX423382.1"
"Human mastadenovirus B","Viruses;Other;Adenoviridae","","PRJNA70469","GCA_006445495.1","Complete",0.035262,50.9,"JX423381.1","human,vertebrates",42,,"2012-08-28T00:00:00Z","ftp://ftp.ncbi.nlm.nih.gov/genomes/all/GCA/006/445/495/GCA_006445495.1_ASM644549v1",,"JX423381.1"
"Human mastadenovirus B","Viruses;Other;Adenoviridae","","PRJNA70469","GCA_006445515.1","Complete",0.035264,50.9,"JX423380.1","human,vertebrates",42,,"2012-08-28T00:00:00Z","ftp://ftp.ncbi.nlm.nih.gov/genomes/all/GCA/006/445/515/GCA_006445515.1_ASM644551v1",,"JX423380.1"
"Human mastadenovirus B","Viruses;Other;Adenoviridae","","PRJNA70469","GCA_006445535.1","Complete",0.035265,50.9,"KF268311.1","human,vertebrates",43,,"2013-08-26T00:00:00Z","ftp://ftp.ncbi.nlm.nih.gov/genomes/all/GCA/006/445/535/GCA_006445535.1_ASM644553v1",,"KF268311.1"
"Human mastadenovirus B","Viruses;Other;Adenoviridae","","PRJNA70469","GCA_006445575.1","Complete",0.034758,48.9,"KF268196.1","human,vertebrates",41,,"2013-08-26T00:00:00Z","ftp://ftp.ncbi.nlm.nih.gov/genomes/all/GCA/006/445/575/GCA_006445575.1_ASM644557v1",,"KF268196.1"
"Human mastadenovirus B","Viruses;Other;Adenoviridae","","PRJNA70469","GCA_006445615.1","Complete",0.035198,51.1,"KF268135.1","human,vertebrates",44,,"2013-08-26T00:00:00Z","ftp://ftp.ncbi.nlm.nih.gov/genomes/all/GCA/006/445/615/GCA_006445615.1_ASM644561v1",,"KF268135.1"
"Human mastadenovirus B","Viruses;Other;Adenoviridae","","PRJNA70469","GCA_006445635.1","Complete",0.035228,51.2,"KF268134.1","human,vertebrates",45,,"2013-08-26T00:00:00Z","ftp://ftp.ncbi.nlm.nih.gov/genomes/all/GCA/006/445/635/GCA_006445635.1_ASM644563v1",,"KF268134.1"
"Human mastadenovirus B","Viruses;Other;Adenoviridae","","PRJNA70469","GCA_006445655.1","Complete",0.035258,50.9,"KF268133.1","human,vertebrates",42,,"2013-08-26T00:00:00Z","ftp://ftp.ncbi.nlm.nih.gov/genomes/all/GCA/006/445/655/GCA_006445655.1_ASM644565v1",,"KF268133.1"
"Human mastadenovirus B","Viruses;Other;Adenoviridae","","PRJNA70469","GCA_006445675.1","Complete",0.035265,50.8,"KF268132.1","human,vertebrates",42,,"2013-08-26T00:00:00Z","ftp://ftp.ncbi.nlm.nih.gov/genomes/all/GCA/006/445/675/GCA_006445675.1_ASM644567v1",,"KF268132.1"
"Human mastadenovirus B","Viruses;Other;Adenoviridae","","PRJNA70469","GCA_006445695.1","Complete",0.035263,50.8,"KF268131.1","human,vertebrates",42,,"2013-08-26T00:00:00Z","ftp://ftp.ncbi.nlm.nih.gov/genomes/all/GCA/006/445/695/GCA_006445695.1_ASM644569v1",,"KF268131.1"
"Human mastadenovirus B","Viruses;Other;Adenoviridae","","PRJNA70469","GCA_006445755.1","Complete",0.035264,50.8,"KF268128.1","human,vertebrates",42,,"2013-08-26T00:00:00Z","ftp://ftp.ncbi.nlm.nih.gov/genomes/all/GCA/006/445/755/GCA_006445755.1_ASM644575v1",,"KF268128.1"
"Human mastadenovirus B","Viruses;Other;Adenoviridae","","PRJNA70469","GCA_006445795.1","Complete",0.035229,51.1,"KF268126.1","human,vertebrates",43,,"2013-08-26T00:00:00Z","ftp://ftp.ncbi.nlm.nih.gov/genomes/all/GCA/006/445/795/GCA_006445795.1_ASM644579v1",,"KF268126.1"
"Human mastadenovirus B","Viruses;Other;Adenoviridae","","PRJNA70469","GCA_006445815.1","Complete",0.035219,51.1,"KF268125.1","human,vertebrates",45,,"2013-08-26T00:00:00Z","ftp://ftp.ncbi.nlm.nih.gov/genomes/all/GCA/006/445/815/GCA_006445815.1_ASM644581v1",,"KF268125.1"
"Human mastadenovirus B","Viruses;Other;Adenoviridae","","PRJNA70469","GCA_006445835.1","Complete",0.034781,48.9,"KF268124.1","human,vertebrates",41,,"2013-08-26T00:00:00Z","ftp://ftp.ncbi.nlm.nih.gov/genomes/all/GCA/006/445/835/GCA_006445835.1_ASM644583v1",,"KF268124.1"
"Human mastadenovirus B","Viruses;Other;Adenoviridae","","PRJNA70469","GCA_006445855.1","Complete",0.035256,50.9,"KF268123.1","human,vertebrates",42,,"2013-08-26T00:00:00Z","ftp://ftp.ncbi.nlm.nih.gov/genomes/all/GCA/006/445/855/GCA_006445855.1_ASM644585v1",,"KF268123.1"
"Human mastadenovirus B","Viruses;Other;Adenoviridae","","PRJNA70469","GCA_006445875.1","Complete",0.034782,49,"KF268121.1","human,vertebrates",41,,"2013-08-26T00:00:00Z","ftp://ftp.ncbi.nlm.nih.gov/genomes/all/GCA/006/445/875/GCA_006445875.1_ASM644587v1",,"KF268121.1"
"Human mastadenovirus B","Viruses;Other;Adenoviridae","","PRJNA70469","GCA_006445895.1","Complete",0.035259,50.9,"KF268120.1","human,vertebrates",42,,"2013-08-26T00:00:00Z","ftp://ftp.ncbi.nlm.nih.gov/genomes/all/GCA/006/445/895/GCA_006445895.1_ASM644589v1",,"KF268120.1"
"Human mastadenovirus B","Viruses;Other;Adenoviridae","","PRJNA70469","GCA_006445935.1","Complete",0.035222,51.1,"KF268117.1","human,vertebrates",44,,"2013-08-26T00:00:00Z","ftp://ftp.ncbi.nlm.nih.gov/genomes/all/GCA/006/445/935/GCA_006445935.1_ASM644593v1",,"KF268117.1"
"Human adenovirus 66","Viruses;Other;Adenoviridae","","","GCA_006445975.1","Complete",0.03508,51.1,"JN860676.1","human,vertebrates",41,,"2011-12-19T00:00:00Z","ftp://ftp.ncbi.nlm.nih.gov/genomes/all/GCA/006/445/975/GCA_006445975.1_ASM644597v1",,"JN860676.1"
"Human adenovirus 7","Viruses;Other;Adenoviridae","","","GCA_006446095.1","Complete",0.035239,51.1,"JF800905.1","human,vertebrates",47,,"2012-04-24T00:00:00Z","ftp://ftp.ncbi.nlm.nih.gov/genomes/all/GCA/006/446/095/GCA_006446095.1_ASM644609v1",,"JF800905.1"
"Human adenovirus 68","Viruses;Other;Adenoviridae","","","GCA_006446135.1","Complete",0.035538,51.2,"JN860678.1","human,vertebrates",41,,"2011-12-19T00:00:00Z","ftp://ftp.ncbi.nlm.nih.gov/genomes/all/GCA/006/446/135/GCA_006446135.1_ASM644613v1",,"JN860678.1"
"Human adenovirus 7","Viruses;Other;Adenoviridae","","","GCA_006446155.1","Complete",0.035232,51.1,"JX625134.1","human,vertebrates",47,,"2012-11-12T00:00:00Z","ftp://ftp.ncbi.nlm.nih.gov/genomes/all/GCA/006/446/155/GCA_006446155.1_ASM644615v1",,"JX625134.1"
"Human adenovirus 55","Viruses;Other;Adenoviridae","","","GCA_006446195.1","Complete",0.034753,48.8,"JX123029.1","human,vertebrates",36,,"2012-08-20T00:00:00Z","ftp://ftp.ncbi.nlm.nih.gov/genomes/all/GCA/006/446/195/GCA_006446195.1_ASM644619v1",,"JX123029.1"
"Human adenovirus 55","Viruses;Other;Adenoviridae","","","GCA_006446215.1","Complete",0.034762,48.8,"JX123028.1","human,vertebrates",36,,"2012-08-20T00:00:00Z","ftp://ftp.ncbi.nlm.nih.gov/genomes/all/GCA/006/446/215/GCA_006446215.1_ASM644621v1",,"JX123028.1"
"Human adenovirus 55","Viruses;Other;Adenoviridae","","","GCA_006446235.1","Complete",0.034762,48.8,"JX123027.1","human,vertebrates",36,,"2012-08-20T00:00:00Z","ftp://ftp.ncbi.nlm.nih.gov/genomes/all/GCA/006/446/235/GCA_006446235.1_ASM644623v1",,"JX123027.1"
"Human adenovirus 14","Viruses;Other;Adenoviridae","","","GCA_006446435.1","Complete",0.034762,48.9,"JN032132.1","human,vertebrates",32,,"2012-05-31T00:00:00Z","ftp://ftp.ncbi.nlm.nih.gov/genomes/all/GCA/006/446/435/GCA_006446435.1_ASM644643v1",,"JN032132.1"
"Simian adenovirus 46","Viruses;Other;Adenoviridae","","","GCA_006446575.1","Complete",0.035608,52.8,"FJ025930.1","human,vertebrates",0,,"2009-07-09T00:00:00Z","ftp://ftp.ncbi.nlm.nih.gov/genomes/all/GCA/006/446/575/GCA_006446575.1_ASM644657v1",,"FJ025930.1"
"Simian adenovirus 47","Viruses;Other;Adenoviridae","","","GCA_006446595.1","Complete",0.035563,52.8,"FJ025929.1","human,vertebrates",0,,"2009-07-09T00:00:00Z","ftp://ftp.ncbi.nlm.nih.gov/genomes/all/GCA/006/446/595/GCA_006446595.1_ASM644659v1",,"FJ025929.1"
"Simian adenovirus 27.2","Viruses;Other;Adenoviridae","","","GCA_006446615.1","Complete",0.035672,52.7,"FJ025928.1","human,vertebrates",0,,"2009-07-09T00:00:00Z","ftp://ftp.ncbi.nlm.nih.gov/genomes/all/GCA/006/446/615/GCA_006446615.1_ASM644661v1",,"FJ025928.1"
"Simian adenovirus 41.2","Viruses;Other;Adenoviridae","","","GCA_006446635.1","Complete",0.035767,52.4,"FJ025927.1","human,vertebrates",0,,"2009-07-09T00:00:00Z","ftp://ftp.ncbi.nlm.nih.gov/genomes/all/GCA/006/446/635/GCA_006446635.1_ASM644663v1",,"FJ025927.1"
"Simian adenovirus 29","Viruses;Other;Adenoviridae","","","GCA_006446855.1","Complete",0.035646,52.7,"FJ025916.1","human,vertebrates",0,,"2009-07-09T00:00:00Z","ftp://ftp.ncbi.nlm.nih.gov/genomes/all/GCA/006/446/855/GCA_006446855.1_ASM644685v1",,"FJ025916.1"
"Simian adenovirus 28.2","Viruses;Other;Adenoviridae","","","GCA_006446875.1","Complete",0.035612,52.7,"FJ025915.1","human,vertebrates",0,,"2009-07-09T00:00:00Z","ftp://ftp.ncbi.nlm.nih.gov/genomes/all/GCA/006/446/875/GCA_006446875.1_ASM644687v1",,"FJ025915.1"
"Simian adenovirus 28.1","Viruses;Other;Adenoviridae","","","GCA_006446895.1","Complete",0.03561,52.7,"FJ025914.1","human,vertebrates",0,,"2009-07-09T00:00:00Z","ftp://ftp.ncbi.nlm.nih.gov/genomes/all/GCA/006/446/895/GCA_006446895.1_ASM644689v1",,"FJ025914.1"
"Simian adenovirus 41.1","Viruses;Other;Adenoviridae","","","GCA_006446915.1","Complete",0.0351,52.9,"FJ025913.1","human,vertebrates",0,,"2009-07-09T00:00:00Z","ftp://ftp.ncbi.nlm.nih.gov/genomes/all/GCA/006/446/915/GCA_006446915.1_ASM644691v1",,"FJ025913.1"
"Simian adenovirus 35.1","Viruses;Other;Adenoviridae","","","GCA_006446935.1","Complete",0.035606,51.1,"FJ025912.1","human,vertebrates",0,,"2009-07-09T00:00:00Z","ftp://ftp.ncbi.nlm.nih.gov/genomes/all/GCA/006/446/935/GCA_006446935.1_ASM644693v1",,"FJ025912.1"
"Simian adenovirus 32","Viruses;Other;Adenoviridae","","","GCA_006446955.1","Complete",0.035588,52.6,"FJ025911.1","human,vertebrates",0,,"2009-07-09T00:00:00Z","ftp://ftp.ncbi.nlm.nih.gov/genomes/all/GCA/006/446/955/GCA_006446955.1_ASM644695v1",,"FJ025911.1"
"Simian adenovirus 35.2","Viruses;Other;Adenoviridae","","","GCA_006446975.1","Complete",0.03562,51.1,"FJ025910.1","human,vertebrates",0,,"2009-07-09T00:00:00Z","ftp://ftp.ncbi.nlm.nih.gov/genomes/all/GCA/006/446/975/GCA_006446975.1_ASM644697v1",,"FJ025910.1"
"Simian adenovirus 27.1","Viruses;Other;Adenoviridae","","","GCA_006446995.1","Complete",0.035592,52.3,"FJ025909.1","human,vertebrates",0,,"2009-07-09T00:00:00Z","ftp://ftp.ncbi.nlm.nih.gov/genomes/all/GCA/006/446/995/GCA_006446995.1_ASM644699v1",,"FJ025909.1"
"Simian adenovirus 33","Viruses;Other;Adenoviridae","","","GCA_006447015.1","Complete",0.035694,52.6,"FJ025908.1","human,vertebrates",0,,"2009-07-09T00:00:00Z","ftp://ftp.ncbi.nlm.nih.gov/genomes/all/GCA/006/447/015/GCA_006447015.1_ASM644701v1",,"FJ025908.1"
"Human adenovirus 16","Viruses;Other;Adenoviridae","","","GCA_006447415.1","Complete",0.035384,51.3,"JN860680.1","human,vertebrates",41,,"2011-12-19T00:00:00Z","ftp://ftp.ncbi.nlm.nih.gov/genomes/all/GCA/006/447/415/GCA_006447415.1_ASM644741v1",,"JN860680.1"
"Human adenovirus 3+7","Viruses;Other;Adenoviridae","","","GCA_006447435.1","Complete",0.035228,51,"JN860679.1","human,vertebrates",41,,"2011-12-19T00:00:00Z","ftp://ftp.ncbi.nlm.nih.gov/genomes/all/GCA/006/447/435/GCA_006447435.1_ASM644743v1",,"JN860679.1"
"Human adenovirus 7d2","Viruses;Other;Adenoviridae","","","GCA_006447455.1","Complete",0.035242,51.1,"JN860677.1","human,vertebrates",41,,"2011-12-19T00:00:00Z","ftp://ftp.ncbi.nlm.nih.gov/genomes/all/GCA/006/447/455/GCA_006447455.1_ASM644745v1",,"JN860677.1"
"Human adenovirus 14","Viruses;Other;Adenoviridae","","","GCA_006447475.1","Complete",0.034763,48.8,"FJ822614.1","human,vertebrates",31,,"2009-04-20T00:00:00Z","ftp://ftp.ncbi.nlm.nih.gov/genomes/all/GCA/006/447/475/GCA_006447475.1_ASM644747v1",,"FJ822614.1"
"Human adenovirus 7","Viruses;Other;Adenoviridae","","","GCA_006447555.1","Complete",0.035306,51,"GQ478341.1","human,vertebrates",47,,"2009-10-05T00:00:00Z","ftp://ftp.ncbi.nlm.nih.gov/genomes/all/GCA/006/447/555/GCA_006447555.1_ASM644755v1",,"GQ478341.1"
"Human adenovirus 7","Viruses;Other;Adenoviridae","","","GCA_006447735.1","Complete",0.032442,52.1,"HQ659699.1","human,vertebrates",32,,"2011-04-30T00:00:00Z","ftp://ftp.ncbi.nlm.nih.gov/genomes/all/GCA/006/447/735/GCA_006447735.1_ASM644773v1",,"HQ659699.1"
"Human adenovirus 7","Viruses;Other;Adenoviridae","","","GCA_006447895.1","Complete",0.03524,51.2,"AY594256.1","human,vertebrates",48,,"2005-07-06T00:00:00Z","ftp://ftp.ncbi.nlm.nih.gov/genomes/all/GCA/006/447/895/GCA_006447895.1_ASM644789v1",,"AY594256.1"
"Human adenovirus 7","Viruses;Other;Adenoviridae","","","GCA_006447955.1","Complete",0.035514,51.3,"AY495969.1","human,vertebrates",28,,"2004-01-14T00:00:00Z","ftp://ftp.ncbi.nlm.nih.gov/genomes/all/GCA/006/447/955/GCA_006447955.1_ASM644795v1",,"AY495969.1"
"Human adenovirus 55","Viruses;Other;Adenoviridae","","","GCA_006448055.1","Complete",0.034755,48.8,"FJ643676.1","human,vertebrates",37,,"2009-08-24T00:00:00Z","ftp://ftp.ncbi.nlm.nih.gov/genomes/all/GCA/006/448/055/GCA_006448055.1_ASM644805v1",,"FJ643676.1"
"Human mastadenovirus B","Viruses;Other;Adenoviridae","","","GCA_006448095.1","Complete",0.035273,51,"DQ099432.4","human,vertebrates",42,,"2005-07-20T00:00:00Z","ftp://ftp.ncbi.nlm.nih.gov/genomes/all/GCA/006/448/095/GCA_006448095.1_ASM644809v1",,"DQ099432.4"
"Human adenovirus 11","Viruses;Other;Adenoviridae","","","GCA_006448115.1","Complete",0.034794,48.9,"AF532578.1","human,vertebrates",40,,"2003-06-03T00:00:00Z","ftp://ftp.ncbi.nlm.nih.gov/genomes/all/GCA/006/448/115/GCA_006448115.1_ASM644811v1",,"AF532578.1"
"Human adenovirus 11a","Viruses;Other;Adenoviridae","","","GCA_006448155.1","Complete",0.034773,48.8,"FJ597732.1","human,vertebrates",34,,"2009-12-31T00:00:00Z","ftp://ftp.ncbi.nlm.nih.gov/genomes/all/GCA/006/448/155/GCA_006448155.1_ASM644815v1",,"FJ597732.1"
"Human adenovirus 16","Viruses;Other;Adenoviridae","","","GCA_006448235.1","Complete",0.035522,51.3,"AY601636.1","human,vertebrates",44,,"2006-02-07T00:00:00Z","ftp://ftp.ncbi.nlm.nih.gov/genomes/all/GCA/006/448/235/GCA_006448235.1_ASM644823v1",,"AY601636.1"
"Human adenovirus 21","Viruses;Other;Adenoviridae","","","GCA_006448255.1","Complete",0.035382,51.2,"AY601633.1","human,vertebrates",48,,"2006-02-07T00:00:00Z","ftp://ftp.ncbi.nlm.nih.gov/genomes/all/GCA/006/448/255/GCA_006448255.1_ASM644825v1",,"AY601633.1"
"Human adenovirus 35","Viruses;Other;Adenoviridae","","","GCA_006448335.1","Complete",0.034794,48.9,"AY271307.1","human,vertebrates",39,,"2003-07-18T00:00:00Z","ftp://ftp.ncbi.nlm.nih.gov/genomes/all/GCA/006/448/335/GCA_006448335.1_ASM644833v1",,"AY271307.1"
"Human adenovirus 7","Viruses;Other;Adenoviridae","","","GCA_006448435.1","Complete",0.035198,51.1,"AY601634.1","human,vertebrates",47,,"2006-02-07T00:00:00Z","ftp://ftp.ncbi.nlm.nih.gov/genomes/all/GCA/006/448/435/GCA_006448435.1_ASM644843v1",,"AY601634.1"
"Human adenovirus B3","Viruses;Other;Adenoviridae","","","GCA_006448475.1","Complete",0.035265,50.8,"AY599836.1","human,vertebrates",45,,"2006-02-07T00:00:00Z","ftp://ftp.ncbi.nlm.nih.gov/genomes/all/GCA/006/448/475/GCA_006448475.1_ASM644847v1",,"AY599836.1"
"Human adenovirus B3","Viruses;Other;Adenoviridae","","","GCA_006448515.1","Complete",0.035345,51,"AY599834.1","human,vertebrates",44,,"2006-02-07T00:00:00Z","ftp://ftp.ncbi.nlm.nih.gov/genomes/all/GCA/006/448/515/GCA_006448515.1_ASM644851v1",,"AY599834.1"
"Human adenovirus 50","Viruses;Other;Adenoviridae","","","GCA_006448535.1","Complete",0.035385,51.2,"AY737798.1","human,vertebrates",46,,"2005-08-30T00:00:00Z","ftp://ftp.ncbi.nlm.nih.gov/genomes/all/GCA/006/448/535/GCA_006448535.1_ASM644853v1",,"AY737798.1"
"Human adenovirus 34","Viruses;Other;Adenoviridae","","","GCA_006448555.1","Complete",0.034775,48.9,"AY737797.1","human,vertebrates",41,,"2005-08-30T00:00:00Z","ftp://ftp.ncbi.nlm.nih.gov/genomes/all/GCA/006/448/555/GCA_006448555.1_ASM644855v1",,"AY737797.1"
"Human adenovirus 14","Viruses;Other;Adenoviridae","","","GCA_006448575.1","Complete",0.034764,48.8,"AY803294.1","human,vertebrates",39,,"2005-10-31T00:00:00Z","ftp://ftp.ncbi.nlm.nih.gov/genomes/all/GCA/006/448/575/GCA_006448575.1_ASM644857v1",,"AY803294.1"
"Human mastadenovirus B","Viruses;Other;Adenoviridae","","","GCA_006448595.1","Complete",0.034794,48.9,"AY598970.1","human,vertebrates",38,,"2004-11-01T00:00:00Z","ftp://ftp.ncbi.nlm.nih.gov/genomes/all/GCA/006/448/595/GCA_006448595.1_ASM644859v1",,"AY598970.1"
"Human adenovirus 7","Viruses;Other;Adenoviridae","","","GCA_006448615.1","Complete",0.035306,51,"AY594255.1","human,vertebrates",49,,"2005-02-07T00:00:00Z","ftp://ftp.ncbi.nlm.nih.gov/genomes/all/GCA/006/448/615/GCA_006448615.1_ASM644861v1",,"AY594255.1"
"Human adenovirus 35","Viruses;Other;Adenoviridae","","","GCA_006448675.1","Complete",0.034794,48.9,"AY128640.2","human,vertebrates",32,,"2003-09-25T00:00:00Z","ftp://ftp.ncbi.nlm.nih.gov/genomes/all/GCA/006/448/675/GCA_006448675.1_ASM644867v1",,"AY128640.2"
"Human mastadenovirus B","Viruses;Other;Adenoviridae","","","GCA_006448695.1","Complete",0.035269,50.9,"DQ105654.4","human,vertebrates",42,,"2005-07-20T00:00:00Z","ftp://ftp.ncbi.nlm.nih.gov/genomes/all/GCA/006/448/695/GCA_006448695.1_ASM644869v1",,"DQ105654.4"
"Human adenovirus 3+11p","Viruses;Other;Adenoviridae","","","GCA_006448735.1","Complete",0.035355,50.4,"EF564601.1","human,vertebrates",0,,"2009-09-01T00:00:00Z","ftp://ftp.ncbi.nlm.nih.gov/genomes/all/GCA/006/448/735/GCA_006448735.1_ASM644873v1",,"EF564601.1"
"Human adenovirus 3+11p","Viruses;Other;Adenoviridae","","","GCA_006448755.1","Complete",0.03513,49.9,"EF564600.1","human,vertebrates",0,,"2009-09-01T00:00:00Z","ftp://ftp.ncbi.nlm.nih.gov/genomes/all/GCA/006/448/755/GCA_006448755.1_ASM644875v1",,"EF564600.1"
"Human mastadenovirus B","Viruses;Other;Adenoviridae","","","GCA_006448775.1","Complete",0.032327,49.6,"EF011630.1","human,vertebrates",0,,"2009-09-01T00:00:00Z","ftp://ftp.ncbi.nlm.nih.gov/genomes/all/GCA/006/448/775/GCA_006448775.1_ASM644877v1",,"EF011630.1"
"Human mastadenovirus B","Viruses;Other;Adenoviridae","","","GCA_007310595.1","Complete",0.033679,48.9,"MH499479.1","human,vertebrates",34,,"2019-07-18T00:00:00Z","ftp://ftp.ncbi.nlm.nih.gov/genomes/all/GCA/007/310/595/GCA_007310595.1_ASM731059v1",,"MH499479.1"
"Human mastadenovirus B","Viruses;Other;Adenoviridae","","","GCA_007575405.1","Complete",0.034754,48.8,"MH668280.1","human,vertebrates",34,,"2019-07-25T00:00:00Z","ftp://ftp.ncbi.nlm.nih.gov/genomes/all/GCA/007/575/405/GCA_007575405.1_ASM757540v1",,"MH668280.1"
"Human mastadenovirus B","Viruses;Other;Adenoviridae","","","GCA_007575425.1","Complete",0.034724,48.9,"MH668281.1","human,vertebrates",37,,"2019-07-25T00:00:00Z","ftp://ftp.ncbi.nlm.nih.gov/genomes/all/GCA/007/575/425/GCA_007575425.1_ASM757542v1",,"MH668281.1"
"Human adenovirus 55","Viruses;Other;Adenoviridae","","","GCA_007859135.1","Complete",0.034724,48.8,"MN052861.1","human,vertebrates",36,,"2019-08-05T00:00:00Z","ftp://ftp.ncbi.nlm.nih.gov/genomes/all/GCA/007/859/135/GCA_007859135.1_ASM785913v1",,"MN052861.1"
"Human adenovirus 7","Viruses;Other;Adenoviridae","","","GCA_008690535.1","Complete",0.035292,51.1,"MH910662.1","human,vertebrates",37,,"2019-09-23T00:00:00Z","ftp://ftp.ncbi.nlm.nih.gov/genomes/all/GCA/008/690/535/GCA_008690535.1_ASM869053v1",,"MH910662.1"
"Human adenovirus 7","Viruses;Other;Adenoviridae","","","GCA_008690555.1","Complete",0.035242,51.1,"MH910663.1","human,vertebrates",37,,"2019-09-23T00:00:00Z","ftp://ftp.ncbi.nlm.nih.gov/genomes/all/GCA/008/690/555/GCA_008690555.1_ASM869055v1",,"MH910663.1"
"Human adenovirus 7","Viruses;Other;Adenoviridae","","","GCA_008690575.1","Complete",0.035242,51.1,"MH910664.1","human,vertebrates",37,,"2019-09-23T00:00:00Z","ftp://ftp.ncbi.nlm.nih.gov/genomes/all/GCA/008/690/575/GCA_008690575.1_ASM869057v1",,"MH910664.1"
"Human adenovirus 7","Viruses;Other;Adenoviridae","","","GCA_008690595.1","Complete",0.035238,51.1,"MH910665.1","human,vertebrates",37,,"2019-09-23T00:00:00Z","ftp://ftp.ncbi.nlm.nih.gov/genomes/all/GCA/008/690/595/GCA_008690595.1_ASM869059v1",,"MH910665.1"
"Human adenovirus 7","Viruses;Other;Adenoviridae","","","GCA_008690625.1","Complete",0.035237,51.1,"MH910666.1","human,vertebrates",37,,"2019-09-23T00:00:00Z","ftp://ftp.ncbi.nlm.nih.gov/genomes/all/GCA/008/690/625/GCA_008690625.1_ASM869062v1",,"MH910666.1"
"Human adenovirus 7","Viruses;Other;Adenoviridae","","","GCA_008690655.1","Complete",0.035223,51.1,"MH910667.1","human,vertebrates",37,,"2019-09-23T00:00:00Z","ftp://ftp.ncbi.nlm.nih.gov/genomes/all/GCA/008/690/655/GCA_008690655.1_ASM869065v1",,"MH910667.1"
"Human adenovirus 7","Viruses;Other;Adenoviridae","","","GCA_008690675.1","Complete",0.035197,51.1,"MH910668.1","human,vertebrates",37,,"2019-09-23T00:00:00Z","ftp://ftp.ncbi.nlm.nih.gov/genomes/all/GCA/008/690/675/GCA_008690675.1_ASM869067v1",,"MH910668.1"
"Human adenovirus 7","Viruses;Other;Adenoviridae","","","GCA_011044385.1","Complete",0.035177,51.1,"MN135993.1","human,vertebrates",39,,"2020-02-29T00:00:00Z","ftp://ftp.ncbi.nlm.nih.gov/genomes/all/GCA/011/044/385/GCA_011044385.1_ASM1104438v1",,"MN135993.1"
"Human adenovirus 7","Viruses;Other;Adenoviridae","","","GCA_011064305.1","Complete",0.03518,51.1,"MN164629.1","human,vertebrates",39,,"2020-03-02T00:00:00Z","ftp://ftp.ncbi.nlm.nih.gov/genomes/all/GCA/011/064/305/GCA_011064305.1_ASM1106430v1",,"MN164629.1"
"Human adenovirus 21a","Viruses;Other;Adenoviridae","","","GCA_011064675.1","Complete",0.035369,51.2,"MN686206.1","human,vertebrates",46,,"2020-03-04T00:00:00Z","ftp://ftp.ncbi.nlm.nih.gov/genomes/all/GCA/011/064/675/GCA_011064675.1_ASM1106467v1",,"MN686206.1"
"Human adenovirus 7","Viruses;Other;Adenoviridae","","","GCA_011837495.1","Complete",0.035239,51.1,"MK492255.1","human,vertebrates",39,,"2020-03-31T00:00:00Z","ftp://ftp.ncbi.nlm.nih.gov/genomes/all/GCA/011/837/495/GCA_011837495.1_ASM1183749v1",,"MK492255.1"
"Human adenovirus 7","Viruses;Other;Adenoviridae","","","GCA_011837545.1","Complete",0.035239,51.1,"MK492256.1","human,vertebrates",39,,"2020-03-31T00:00:00Z","ftp://ftp.ncbi.nlm.nih.gov/genomes/all/GCA/011/837/545/GCA_011837545.1_ASM1183754v1",,"MK492256.1"
"Human adenovirus 7","Viruses;Other;Adenoviridae","","","GCA_011837575.1","Complete",0.035239,51.1,"MK492257.1","human,vertebrates",39,,"2020-03-31T00:00:00Z","ftp://ftp.ncbi.nlm.nih.gov/genomes/all/GCA/011/837/575/GCA_011837575.1_ASM1183757v1",,"MK492257.1"
"Human mastadenovirus B","Viruses;Other;Adenoviridae","","","GCA_013086005.1","Complete",0.035172,51.1,"MN011575.1","human,vertebrates",37,,"2020-05-13T00:00:00Z","ftp://ftp.ncbi.nlm.nih.gov/genomes/all/GCA/013/086/005/GCA_013086005.1_ASM1308600v1",,"MN011575.1"
"Human mastadenovirus B","Viruses;Other;Adenoviridae","","","GCA_013133505.1","Complete",0.035244,50.9,"MK813914.1","human,vertebrates",39,,"2020-05-19T00:00:00Z","ftp://ftp.ncbi.nlm.nih.gov/genomes/all/GCA/013/133/505/GCA_013133505.1_ASM1313350v1",,"MK813914.1"
"Human mastadenovirus B","Viruses;Other;Adenoviridae","","","GCA_013133515.1","Complete",0.035251,50.9,"MK813915.1","human,vertebrates",39,,"2020-05-19T00:00:00Z","ftp://ftp.ncbi.nlm.nih.gov/genomes/all/GCA/013/133/515/GCA_013133515.1_ASM1313351v1",,"MK813915.1"
"Human mastadenovirus B","Viruses;Other;Adenoviridae","","","GCA_013133525.1","Complete",0.035152,51.1,"MK896857.1","human,vertebrates",38,,"2020-05-19T00:00:00Z","ftp://ftp.ncbi.nlm.nih.gov/genomes/all/GCA/013/133/525/GCA_013133525.1_ASM1313352v1",,"MK896857.1"
"Human mastadenovirus B","Viruses;Other;Adenoviridae","","","GCA_013187035.1","Complete",0.035254,50.9,"MK836308.1","human,vertebrates",39,,"2020-05-25T00:00:00Z","ftp://ftp.ncbi.nlm.nih.gov/genomes/all/GCA/013/187/035/GCA_013187035.1_ASM1318703v1",,"MK836308.1"
"Human mastadenovirus B","Viruses;Other;Adenoviridae","","","GCA_013187045.1","Complete",0.035255,50.9,"MK836310.1","human,vertebrates",40,,"2020-05-25T00:00:00Z","ftp://ftp.ncbi.nlm.nih.gov/genomes/all/GCA/013/187/045/GCA_013187045.1_ASM1318704v1",,"MK836310.1"
"Human mastadenovirus B","Viruses;Other;Adenoviridae","","","GCA_013187055.1","Complete",0.035256,50.9,"MK836311.1","human,vertebrates",39,,"2020-05-25T00:00:00Z","ftp://ftp.ncbi.nlm.nih.gov/genomes/all/GCA/013/187/055/GCA_013187055.1_ASM1318705v1",,"MK836311.1"
"Human mastadenovirus B","Viruses;Other;Adenoviridae","","","GCA_013187065.1","Complete",0.03508,51.1,"MK836312.1","human,vertebrates",39,,"2020-05-25T00:00:00Z","ftp://ftp.ncbi.nlm.nih.gov/genomes/all/GCA/013/187/065/GCA_013187065.1_ASM1318706v1",,"MK836312.1"
"Human mastadenovirus B","Viruses;Other;Adenoviridae","","","GCA_013187075.1","Complete",0.03524,51.1,"MK836313.1","human,vertebrates",39,,"2020-05-25T00:00:00Z","ftp://ftp.ncbi.nlm.nih.gov/genomes/all/GCA/013/187/075/GCA_013187075.1_ASM1318707v1",,"MK836313.1"
"Human mastadenovirus B","Viruses;Other;Adenoviridae","","","GCA_013187085.1","Complete",0.035252,50.9,"MK883603.1","human,vertebrates",39,,"2020-05-25T00:00:00Z","ftp://ftp.ncbi.nlm.nih.gov/genomes/all/GCA/013/187/085/GCA_013187085.1_ASM1318708v1",,"MK883603.1"
"Human mastadenovirus B","Viruses;Other;Adenoviridae","","","GCA_013187095.1","Complete",0.035246,50.9,"MK883604.1","human,vertebrates",39,,"2020-05-25T00:00:00Z","ftp://ftp.ncbi.nlm.nih.gov/genomes/all/GCA/013/187/095/GCA_013187095.1_ASM1318709v1",,"MK883604.1"
"Human mastadenovirus B","Viruses;Other;Adenoviridae","","","GCA_013187105.1","Complete",0.034753,48.8,"MK883606.1","human,vertebrates",33,,"2020-05-25T00:00:00Z","ftp://ftp.ncbi.nlm.nih.gov/genomes/all/GCA/013/187/105/GCA_013187105.1_ASM1318710v1",,"MK883606.1"
"Human mastadenovirus B","Viruses;Other;Adenoviridae","","","GCA_013187115.1","Complete",0.035254,50.9,"MK883608.1","human,vertebrates",39,,"2020-05-25T00:00:00Z","ftp://ftp.ncbi.nlm.nih.gov/genomes/all/GCA/013/187/115/GCA_013187115.1_ASM1318711v1",,"MK883608.1"
"Human mastadenovirus B","Viruses;Other;Adenoviridae","","","GCA_013187125.1","Complete",0.035222,51.1,"MK883609.1","human,vertebrates",37,,"2020-05-25T00:00:00Z","ftp://ftp.ncbi.nlm.nih.gov/genomes/all/GCA/013/187/125/GCA_013187125.1_ASM1318712v1",,"MK883609.1"
"Human mastadenovirus B","Viruses;Other;Adenoviridae","","","GCA_013187135.1","Complete",0.03524,51.1,"MK883612.1","human,vertebrates",39,,"2020-05-25T00:00:00Z","ftp://ftp.ncbi.nlm.nih.gov/genomes/all/GCA/013/187/135/GCA_013187135.1_ASM1318713v1",,"MK883612.1"
"Human mastadenovirus B","Viruses;Other;Adenoviridae","","","GCA_013267895.1","Complete",0.035226,51.1,"MK847516.1","human,vertebrates",36,,"2020-06-03T00:00:00Z","ftp://ftp.ncbi.nlm.nih.gov/genomes/all/GCA/013/267/895/GCA_013267895.1_ASM1326789v1",,"MK847516.1"
"Human mastadenovirus B","Viruses;Other;Adenoviridae","","","GCA_013267905.1","Complete",0.035255,50.9,"MK847517.1","human,vertebrates",39,,"2020-06-03T00:00:00Z","ftp://ftp.ncbi.nlm.nih.gov/genomes/all/GCA/013/267/905/GCA_013267905.1_ASM1326790v1",,"MK847517.1"
"Human adenovirus 55","Viruses;Other;Adenoviridae","","","GCA_013343665.1","Complete",0.034774,48.8,"MK886831.1","human,vertebrates",39,,"2020-06-14T00:00:00Z","ftp://ftp.ncbi.nlm.nih.gov/genomes/all/GCA/013/343/665/GCA_013343665.1_ASM1334366v1",,"MK886831.1"
"Human mastadenovirus B","Viruses;Other;Adenoviridae","","","GCA_013364705.1","Complete",0.03524,51.1,"MK809510.1","human,vertebrates",38,,"2020-06-20T00:00:00Z","ftp://ftp.ncbi.nlm.nih.gov/genomes/all/GCA/013/364/705/GCA_013364705.1_ASM1336470v1",,"MK809510.1"
"Human mastadenovirus B","Viruses;Other;Adenoviridae","","","GCA_013364715.1","Complete",0.03524,51.1,"MN531562.1","human,vertebrates",45,,"2020-06-20T00:00:00Z","ftp://ftp.ncbi.nlm.nih.gov/genomes/all/GCA/013/364/715/GCA_013364715.1_ASM1336471v1",,"MN531562.1"
"Human adenovirus 55","Viruses;Other;Adenoviridae","","","GCA_013426265.1","Complete",0.034781,48.8,"MT513753.1","human,vertebrates",37,,"2020-07-15T00:00:00Z","ftp://ftp.ncbi.nlm.nih.gov/genomes/all/GCA/013/426/265/GCA_013426265.1_ASM1342626v1",,"MT513753.1"
"Human mastadenovirus B","Viruses;Other;Adenoviridae","","","GCA_014042065.1","Complete",0.034756,48.9,"MH669070.1","human,vertebrates",38,,"2020-07-31T00:00:00Z","ftp://ftp.ncbi.nlm.nih.gov/genomes/all/GCA/014/042/065/GCA_014042065.1_ASM1404206v1",,"MH669070.1"
"Human mastadenovirus B","Viruses;Other;Adenoviridae","","","GCA_014042075.1","Complete",0.034752,48.8,"MH669071.1","human,vertebrates",39,,"2020-07-31T00:00:00Z","ftp://ftp.ncbi.nlm.nih.gov/genomes/all/GCA/014/042/075/GCA_014042075.1_ASM1404207v1",,"MH669071.1"
"Human mastadenovirus B","Viruses;Other;Adenoviridae","","","GCA_014042085.1","Complete",0.034752,48.8,"MH669072.1","human,vertebrates",39,,"2020-07-31T00:00:00Z","ftp://ftp.ncbi.nlm.nih.gov/genomes/all/GCA/014/042/085/GCA_014042085.1_ASM1404208v1",,"MH669072.1"
"Human mastadenovirus B","Viruses;Other;Adenoviridae","","","GCA_014042095.1","Complete",0.034752,48.8,"MH669073.1","human,vertebrates",39,,"2020-07-31T00:00:00Z","ftp://ftp.ncbi.nlm.nih.gov/genomes/all/GCA/014/042/095/GCA_014042095.1_ASM1404209v1",,"MH669073.1"
"Human adenovirus 55","Viruses;Other;Adenoviridae","","","GCA_014218375.1","Complete",0.03477,48.8,"MN654377.1","human,vertebrates",37,,"2020-08-14T00:00:00Z","ftp://ftp.ncbi.nlm.nih.gov/genomes/all/GCA/014/218/375/GCA_014218375.1_ASM1421837v1",,"MN654377.1"
"Human adenovirus 55","Viruses;Other;Adenoviridae","","","GCA_014218385.1","Complete",0.03477,48.8,"MN654378.1","human,vertebrates",37,,"2020-08-14T00:00:00Z","ftp://ftp.ncbi.nlm.nih.gov/genomes/all/GCA/014/218/385/GCA_014218385.1_ASM1421838v1",,"MN654378.1"
"Human adenovirus 55","Viruses;Other;Adenoviridae","","","GCA_014218395.1","Complete",0.03477,48.8,"MN654379.1","human,vertebrates",37,,"2020-08-14T00:00:00Z","ftp://ftp.ncbi.nlm.nih.gov/genomes/all/GCA/014/218/395/GCA_014218395.1_ASM1421839v1",,"MN654379.1"
"Human adenovirus 55","Viruses;Other;Adenoviridae","","","GCA_014218405.1","Complete",0.03477,48.8,"MN654380.1","human,vertebrates",37,,"2020-08-14T00:00:00Z","ftp://ftp.ncbi.nlm.nih.gov/genomes/all/GCA/014/218/405/GCA_014218405.1_ASM1421840v1",,"MN654380.1"
"Human adenovirus 55","Viruses;Other;Adenoviridae","","","GCA_014218415.1","Complete",0.034771,48.8,"MN654381.1","human,vertebrates",37,,"2020-08-14T00:00:00Z","ftp://ftp.ncbi.nlm.nih.gov/genomes/all/GCA/014/218/415/GCA_014218415.1_ASM1421841v1",,"MN654381.1"
"Human adenovirus 55","Viruses;Other;Adenoviridae","","","GCA_014218425.1","Complete",0.034771,48.8,"MN654382.1","human,vertebrates",37,,"2020-08-14T00:00:00Z","ftp://ftp.ncbi.nlm.nih.gov/genomes/all/GCA/014/218/425/GCA_014218425.1_ASM1421842v1",,"MN654382.1"
"Human adenovirus 55","Viruses;Other;Adenoviridae","","","GCA_014218435.1","Complete",0.034771,48.8,"MN654383.1","human,vertebrates",37,,"2020-08-14T00:00:00Z","ftp://ftp.ncbi.nlm.nih.gov/genomes/all/GCA/014/218/435/GCA_014218435.1_ASM1421843v1",,"MN654383.1"
"Human adenovirus 55","Viruses;Other;Adenoviridae","","","GCA_014218445.1","Complete",0.034771,48.8,"MN654384.1","human,vertebrates",37,,"2020-08-14T00:00:00Z","ftp://ftp.ncbi.nlm.nih.gov/genomes/all/GCA/014/218/445/GCA_014218445.1_ASM1421844v1",,"MN654384.1"
"Human adenovirus 55","Viruses;Other;Adenoviridae","","","GCA_014218455.1","Complete",0.034771,48.8,"MN654385.1","human,vertebrates",37,,"2020-08-14T00:00:00Z","ftp://ftp.ncbi.nlm.nih.gov/genomes/all/GCA/014/218/455/GCA_014218455.1_ASM1421845v1",,"MN654385.1"
"Human adenovirus 55","Viruses;Other;Adenoviridae","","","GCA_014218465.1","Complete",0.034772,48.8,"MN654386.1","human,vertebrates",37,,"2020-08-14T00:00:00Z","ftp://ftp.ncbi.nlm.nih.gov/genomes/all/GCA/014/218/465/GCA_014218465.1_ASM1421846v1",,"MN654386.1"
"Human adenovirus 55","Viruses;Other;Adenoviridae","","","GCA_014218475.1","Complete",0.034772,48.8,"MN654387.1","human,vertebrates",37,,"2020-08-14T00:00:00Z","ftp://ftp.ncbi.nlm.nih.gov/genomes/all/GCA/014/218/475/GCA_014218475.1_ASM1421847v1",,"MN654387.1"
"Human adenovirus 55","Viruses;Other;Adenoviridae","","","GCA_014218485.1","Complete",0.034772,48.8,"MN654388.1","human,vertebrates",37,,"2020-08-14T00:00:00Z","ftp://ftp.ncbi.nlm.nih.gov/genomes/all/GCA/014/218/485/GCA_014218485.1_ASM1421848v1",,"MN654388.1"
"Human adenovirus 55","Viruses;Other;Adenoviridae","","","GCA_014218495.1","Complete",0.034772,48.8,"MN654389.1","human,vertebrates",37,,"2020-08-14T00:00:00Z","ftp://ftp.ncbi.nlm.nih.gov/genomes/all/GCA/014/218/495/GCA_014218495.1_ASM1421849v1",,"MN654389.1"
"Human adenovirus 55","Viruses;Other;Adenoviridae","","","GCA_014218505.1","Complete",0.034771,48.8,"MN654391.1","human,vertebrates",37,,"2020-08-14T00:00:00Z","ftp://ftp.ncbi.nlm.nih.gov/genomes/all/GCA/014/218/505/GCA_014218505.1_ASM1421850v1",,"MN654391.1"
"Human adenovirus 55","Viruses;Other;Adenoviridae","","","GCA_014218515.1","Complete",0.034762,48.8,"MN654392.1","human,vertebrates",37,,"2020-08-14T00:00:00Z","ftp://ftp.ncbi.nlm.nih.gov/genomes/all/GCA/014/218/515/GCA_014218515.1_ASM1421851v1",,"MN654392.1"
"Human adenovirus 55","Viruses;Other;Adenoviridae","","","GCA_014218525.1","Complete",0.034778,48.8,"MN654393.1","human,vertebrates",37,,"2020-08-14T00:00:00Z","ftp://ftp.ncbi.nlm.nih.gov/genomes/all/GCA/014/218/525/GCA_014218525.1_ASM1421852v1",,"MN654393.1"
"Human adenovirus 55","Viruses;Other;Adenoviridae","","","GCA_014218535.1","Complete",0.034759,48.8,"MN654394.1","human,vertebrates",37,,"2020-08-14T00:00:00Z","ftp://ftp.ncbi.nlm.nih.gov/genomes/all/GCA/014/218/535/GCA_014218535.1_ASM1421853v1",,"MN654394.1"
"Human adenovirus 55","Viruses;Other;Adenoviridae","","","GCA_014218545.1","Complete",0.034779,48.7,"MN654395.1","human,vertebrates",37,,"2020-08-14T00:00:00Z","ftp://ftp.ncbi.nlm.nih.gov/genomes/all/GCA/014/218/545/GCA_014218545.1_ASM1421854v1",,"MN654395.1"
"Human adenovirus 55","Viruses;Other;Adenoviridae","","","GCA_014218555.1","Complete",0.03477,48.8,"MN654376.1","human,vertebrates",37,,"2020-08-14T00:00:00Z","ftp://ftp.ncbi.nlm.nih.gov/genomes/all/GCA/014/218/555/GCA_014218555.1_ASM1421855v1",,"MN654376.1"
"Human adenovirus 55","Viruses;Other;Adenoviridae","","","GCA_014218565.1","Complete",0.03477,48.8,"MN654375.1","human,vertebrates",37,,"2020-08-14T00:00:00Z","ftp://ftp.ncbi.nlm.nih.gov/genomes/all/GCA/014/218/565/GCA_014218565.1_ASM1421856v1",,"MN654375.1"
"Human adenovirus 55","Viruses;Other;Adenoviridae","","","GCA_014218575.1","Complete",0.034771,48.8,"MN654390.1","human,vertebrates",37,,"2020-08-14T00:00:00Z","ftp://ftp.ncbi.nlm.nih.gov/genomes/all/GCA/014/218/575/GCA_014218575.1_ASM1421857v1",,"MN654390.1"
"Human adenovirus 7","Viruses;Other;Adenoviridae","","","GCA_014524665.1","Complete",0.035242,51.1,"LC530212.1","human,vertebrates",23,,"2020-09-09T00:00:00Z","ftp://ftp.ncbi.nlm.nih.gov/genomes/all/GCA/014/524/665/GCA_014524665.1_ASM1452466v1",,"LC530212.1"
"Human mastadenovirus B","Viruses;Other;Adenoviridae","","","GCA_014918105.1","Complete",0.035265,50.9,"MW013769.1","human,vertebrates",42,,"2020-10-19T00:00:00Z","ftp://ftp.ncbi.nlm.nih.gov/genomes/all/GCA/014/918/105/GCA_014918105.1_ASM1491810v1",,"MW013769.1"
"Human mastadenovirus B","Viruses;Other;Adenoviridae","","","GCA_014918115.1","Complete",0.035265,50.9,"MW013770.1","human,vertebrates",42,,"2020-10-19T00:00:00Z","ftp://ftp.ncbi.nlm.nih.gov/genomes/all/GCA/014/918/115/GCA_014918115.1_ASM1491811v1",,"MW013770.1"
"Human mastadenovirus B","Viruses;Other;Adenoviridae","","","GCA_014918125.1","Complete",0.035265,50.9,"MW013771.1","human,vertebrates",42,,"2020-10-19T00:00:00Z","ftp://ftp.ncbi.nlm.nih.gov/genomes/all/GCA/014/918/125/GCA_014918125.1_ASM1491812v1",,"MW013771.1"
"Human mastadenovirus B","Viruses;Other;Adenoviridae","","","GCA_014918135.1","Complete",0.035265,50.9,"MW013772.1","human,vertebrates",42,,"2020-10-19T00:00:00Z","ftp://ftp.ncbi.nlm.nih.gov/genomes/all/GCA/014/918/135/GCA_014918135.1_ASM1491813v1",,"MW013772.1"
"Human mastadenovirus B","Viruses;Other;Adenoviridae","","","GCA_014918145.1","Complete",0.035265,50.9,"MW013773.1","human,vertebrates",42,,"2020-10-19T00:00:00Z","ftp://ftp.ncbi.nlm.nih.gov/genomes/all/GCA/014/918/145/GCA_014918145.1_ASM1491814v1",,"MW013773.1"
"Human mastadenovirus B","Viruses;Other;Adenoviridae","","","GCA_014918155.1","Complete",0.035265,50.9,"MW013774.1","human,vertebrates",42,,"2020-10-19T00:00:00Z","ftp://ftp.ncbi.nlm.nih.gov/genomes/all/GCA/014/918/155/GCA_014918155.1_ASM1491815v1",,"MW013774.1"
"Human mastadenovirus B","Viruses;Other;Adenoviridae","","","GCA_014918165.1","Complete",0.035265,50.9,"MW013775.1","human,vertebrates",42,,"2020-10-19T00:00:00Z","ftp://ftp.ncbi.nlm.nih.gov/genomes/all/GCA/014/918/165/GCA_014918165.1_ASM1491816v1",,"MW013775.1"
"Human mastadenovirus B","Viruses;Other;Adenoviridae","","","GCA_014918175.1","Complete",0.035265,50.9,"MW013776.1","human,vertebrates",42,,"2020-10-19T00:00:00Z","ftp://ftp.ncbi.nlm.nih.gov/genomes/all/GCA/014/918/175/GCA_014918175.1_ASM1491817v1",,"MW013776.1"
"Human mastadenovirus B","Viruses;Other;Adenoviridae","","","GCA_014918185.1","Complete",0.035265,50.9,"MW013779.1","human,vertebrates",42,,"2020-10-19T00:00:00Z","ftp://ftp.ncbi.nlm.nih.gov/genomes/all/GCA/014/918/185/GCA_014918185.1_ASM1491818v1",,"MW013779.1"
"Human mastadenovirus B","Viruses;Other;Adenoviridae","","","GCA_014918195.1","Complete",0.035265,50.9,"MW013780.1","human,vertebrates",42,,"2020-10-19T00:00:00Z","ftp://ftp.ncbi.nlm.nih.gov/genomes/all/GCA/014/918/195/GCA_014918195.1_ASM1491819v1",,"MW013780.1"
"Human mastadenovirus B","Viruses;Other;Adenoviridae","","","GCA_014918205.1","Complete",0.035265,50.9,"MW013778.1","human,vertebrates",42,,"2020-10-19T00:00:00Z","ftp://ftp.ncbi.nlm.nih.gov/genomes/all/GCA/014/918/205/GCA_014918205.1_ASM1491820v1",,"MW013778.1"
"Human mastadenovirus B","Viruses;Other;Adenoviridae","","","GCA_014918215.1","Complete",0.035265,50.9,"MW013777.1","human,vertebrates",42,,"2020-10-19T00:00:00Z","ftp://ftp.ncbi.nlm.nih.gov/genomes/all/GCA/014/918/215/GCA_014918215.1_ASM1491821v1",,"MW013777.1"
"Human adenovirus 55","Viruses;Other;Adenoviridae","","","GCA_014918235.1","Complete",0.03464,48.8,"MT806170.1","human,vertebrates",33,,"2020-10-19T00:00:00Z","ftp://ftp.ncbi.nlm.nih.gov/genomes/all/GCA/014/918/235/GCA_014918235.1_ASM1491823v1",,"MT806170.1"
"Human adenovirus 55","Viruses;Other;Adenoviridae","","","GCA_014918245.1","Complete",0.03462,48.8,"MT806171.1","human,vertebrates",33,,"2020-10-19T00:00:00Z","ftp://ftp.ncbi.nlm.nih.gov/genomes/all/GCA/014/918/245/GCA_014918245.1_ASM1491824v1",,"MT806171.1"
"Human adenovirus 55","Viruses;Other;Adenoviridae","","","GCA_014918255.1","Complete",0.03464,48.8,"MT806173.1","human,vertebrates",33,,"2020-10-19T00:00:00Z","ftp://ftp.ncbi.nlm.nih.gov/genomes/all/GCA/014/918/255/GCA_014918255.1_ASM1491825v1",,"MT806173.1"
"Human adenovirus 55","Viruses;Other;Adenoviridae","","","GCA_014918265.1","Complete",0.034641,48.8,"MT806175.1","human,vertebrates",33,,"2020-10-19T00:00:00Z","ftp://ftp.ncbi.nlm.nih.gov/genomes/all/GCA/014/918/265/GCA_014918265.1_ASM1491826v1",,"MT806175.1"
"Human adenovirus 55","Viruses;Other;Adenoviridae","","","GCA_014918275.1","Complete",0.034641,48.8,"MT806174.1","human,vertebrates",33,,"2020-10-19T00:00:00Z","ftp://ftp.ncbi.nlm.nih.gov/genomes/all/GCA/014/918/275/GCA_014918275.1_ASM1491827v1",,"MT806174.1"
"Human adenovirus 55","Viruses;Other;Adenoviridae","","","GCA_014918285.1","Complete",0.03464,48.8,"MT806172.1","human,vertebrates",33,,"2020-10-19T00:00:00Z","ftp://ftp.ncbi.nlm.nih.gov/genomes/all/GCA/014/918/285/GCA_014918285.1_ASM1491828v1",,"MT806172.1"
"Human mastadenovirus B","Viruses;Other;Adenoviridae","","PRJNA70469","GCA_006445595.1"," Chromosome",0.035176,49.2,"KF268195.1","human,vertebrates",39,,"2013-08-26T00:00:00Z","ftp://ftp.ncbi.nlm.nih.gov/genomes/all/GCA/006/445/595/GCA_006445595.1_ASM644559v1",,"KF268195.1"
